unique_id,ds,cutoff,NHITS,y
HUFL,2018-06-22 20:00:00,2018-06-18 20:00:00,10.835604,6.564000129699707
HUFL,2018-06-22 21:00:00,2018-06-18 21:00:00,12.602386,6.564000129699707
HUFL,2018-06-22 22:00:00,2018-06-18 22:00:00,11.378361,9.041999816894531
HUFL,2018-06-22 23:00:00,2018-06-18 23:00:00,12.418781,11.119000434875488
HUFL,2018-06-23 00:00:00,2018-06-19 00:00:00,11.536001,16.476999282836914
HUFL,2018-06-23 01:00:00,2018-06-19 01:00:00,11.057393,15.270999908447266
HUFL,2018-06-23 02:00:00,2018-06-19 02:00:00,11.4196,14.736000061035154
HUFL,2018-06-23 03:00:00,2018-06-19 03:00:00,10.638075,14.199999809265137
HUFL,2018-06-23 04:00:00,2018-06-19 04:00:00,9.726392,15.472000122070312
HUFL,2018-06-23 05:00:00,2018-06-19 05:00:00,11.146848,16.075000762939453
HUFL,2018-06-23 06:00:00,2018-06-19 06:00:00,8.049811,14.333999633789062
HUFL,2018-06-23 07:00:00,2018-06-19 07:00:00,9.462751,12.72599983215332
HUFL,2018-06-23 08:00:00,2018-06-19 08:00:00,2.3810363,11.38700008392334
HUFL,2018-06-23 09:00:00,2018-06-19 09:00:00,1.1799228,-1.6740000247955322
HUFL,2018-06-23 10:00:00,2018-06-19 10:00:00,-1.3155499,-9.645000457763672
HUFL,2018-06-23 11:00:00,2018-06-19 11:00:00,2.2412436,0.06700000166893
HUFL,2018-06-23 12:00:00,2018-06-19 12:00:00,-0.7328143,-2.611999988555908
HUFL,2018-06-23 13:00:00,2018-06-19 13:00:00,1.9788742,-4.287000179290772
HUFL,2018-06-23 14:00:00,2018-06-19 14:00:00,5.612924,1.0720000267028809
HUFL,2018-06-23 15:00:00,2018-06-19 15:00:00,2.4013622,3.750999927520752
HUFL,2018-06-23 16:00:00,2018-06-19 16:00:00,6.6319003,0.1340000033378601
HUFL,2018-06-23 17:00:00,2018-06-19 17:00:00,6.779358,2.009000062942505
HUFL,2018-06-23 18:00:00,2018-06-19 18:00:00,5.9212337,6.63100004196167
HUFL,2018-06-23 19:00:00,2018-06-19 19:00:00,6.397416,7.0329999923706055
HUFL,2018-06-23 20:00:00,2018-06-19 20:00:00,7.2874603,7.636000156402588
HUFL,2018-06-23 21:00:00,2018-06-19 21:00:00,8.121478,8.975000381469727
HUFL,2018-06-23 22:00:00,2018-06-19 22:00:00,9.633681,8.907999992370605
HUFL,2018-06-23 23:00:00,2018-06-19 23:00:00,10.555616,14.468000411987305
HUFL,2018-06-24 00:00:00,2018-06-20 00:00:00,13.727563,14.267000198364258
HUFL,2018-06-24 01:00:00,2018-06-20 01:00:00,13.016918,14.333999633789062
HUFL,2018-06-24 02:00:00,2018-06-20 02:00:00,13.641669,15.67300033569336
HUFL,2018-06-24 03:00:00,2018-06-20 03:00:00,12.402357,14.668999671936035
HUFL,2018-06-24 04:00:00,2018-06-20 04:00:00,12.028126,14.133000373840332
HUFL,2018-06-24 05:00:00,2018-06-20 05:00:00,13.577055,15.739999771118164
HUFL,2018-06-24 06:00:00,2018-06-20 06:00:00,14.625302,13.730999946594238
HUFL,2018-06-24 07:00:00,2018-06-20 07:00:00,13.770613,9.041999816894531
HUFL,2018-06-24 08:00:00,2018-06-20 08:00:00,12.38103,3.617000102996826
HUFL,2018-06-24 09:00:00,2018-06-20 09:00:00,5.595749,3.884999990463257
HUFL,2018-06-24 10:00:00,2018-06-20 10:00:00,0.6217623,1.4739999771118164
HUFL,2018-06-24 11:00:00,2018-06-20 11:00:00,-5.5606704,2.075999975204468
HUFL,2018-06-24 12:00:00,2018-06-20 12:00:00,-2.5797544,1.5410000085830688
HUFL,2018-06-24 13:00:00,2018-06-20 13:00:00,-11.751684,-1.0049999952316284
HUFL,2018-06-24 14:00:00,2018-06-20 14:00:00,-2.0964665,-2.2100000381469727
HUFL,2018-06-24 15:00:00,2018-06-20 15:00:00,-8.513741,-0.8709999918937683
HUFL,2018-06-24 16:00:00,2018-06-20 16:00:00,-1.6386868,2.075999975204468
HUFL,2018-06-24 17:00:00,2018-06-20 17:00:00,4.335518,5.290999889373778
HUFL,2018-06-24 18:00:00,2018-06-20 18:00:00,5.0626593,7.099999904632568
HUFL,2018-06-24 19:00:00,2018-06-20 19:00:00,6.293199,7.636000156402588
HUFL,2018-06-24 20:00:00,2018-06-20 20:00:00,8.530671,8.23900032043457
HUFL,2018-06-24 21:00:00,2018-06-20 21:00:00,9.919193,9.57800006866455
HUFL,2018-06-24 22:00:00,2018-06-20 22:00:00,10.179445,10.515999794006348
HUFL,2018-06-24 23:00:00,2018-06-20 23:00:00,11.040682,12.458000183105469
HUFL,2018-06-25 00:00:00,2018-06-21 00:00:00,13.773521,16.476999282836914
HUFL,2018-06-25 01:00:00,2018-06-21 01:00:00,12.7869625,13.864999771118164
HUFL,2018-06-25 02:00:00,2018-06-21 02:00:00,13.356862,16.343000411987305
HUFL,2018-06-25 03:00:00,2018-06-21 03:00:00,11.980825,17.14699935913086
HUFL,2018-06-25 04:00:00,2018-06-21 04:00:00,12.599297,15.472000122070312
HUFL,2018-06-25 05:00:00,2018-06-21 05:00:00,12.914346,14.065999984741213
HUFL,2018-06-25 06:00:00,2018-06-21 06:00:00,11.839958,12.390999794006348
HUFL,2018-06-25 07:00:00,2018-06-21 07:00:00,8.589021,11.588000297546388
HUFL,2018-06-25 08:00:00,2018-06-21 08:00:00,4.2153683,3.6840000152587886
HUFL,2018-06-25 09:00:00,2018-06-21 09:00:00,-2.496603,-1.875
HUFL,2018-06-25 10:00:00,2018-06-21 10:00:00,-9.120569,-9.041999816894531
HUFL,2018-06-25 11:00:00,2018-06-21 11:00:00,-14.459221,-10.984999656677246
HUFL,2018-06-25 12:00:00,2018-06-21 12:00:00,-16.815027,-12.524999618530272
HUFL,2018-06-25 13:00:00,2018-06-21 13:00:00,-14.885829,-7.903999805450439
HUFL,2018-06-25 14:00:00,2018-06-21 14:00:00,-9.381676,-9.645000457763672
HUFL,2018-06-25 15:00:00,2018-06-21 15:00:00,-3.700658,-8.439000129699707
HUFL,2018-06-25 16:00:00,2018-06-21 16:00:00,-6.8052974,-1.2059999704360962
HUFL,2018-06-25 17:00:00,2018-06-21 17:00:00,3.6908705,4.622000217437744
HUFL,2018-06-25 18:00:00,2018-06-21 18:00:00,4.175618,8.840999603271484
HUFL,2018-06-25 19:00:00,2018-06-21 19:00:00,5.695543,9.51099967956543
HUFL,2018-06-25 20:00:00,2018-06-21 20:00:00,7.933412,12.994000434875488
HUFL,2018-06-25 21:00:00,2018-06-21 21:00:00,7.747336,12.458000183105469
HUFL,2018-06-25 22:00:00,2018-06-21 22:00:00,8.152092,13.663999557495115
HUFL,2018-06-25 23:00:00,2018-06-21 23:00:00,12.280637,15.538999557495115
HUFL,2018-06-26 00:00:00,2018-06-22 00:00:00,12.0933275,18.152000427246094
HUFL,2018-06-26 01:00:00,2018-06-22 01:00:00,11.2027645,16.945999145507812
HUFL,2018-06-26 02:00:00,2018-06-22 02:00:00,10.169475,17.14699935913086
HUFL,2018-06-26 03:00:00,2018-06-22 03:00:00,8.73189,17.079999923706055
HUFL,2018-06-26 04:00:00,2018-06-22 04:00:00,10.388784,15.472000122070312
HUFL,2018-06-26 05:00:00,2018-06-22 05:00:00,11.487055,15.338000297546388
HUFL,2018-06-26 06:00:00,2018-06-22 06:00:00,10.836496,13.060999870300291
HUFL,2018-06-26 07:00:00,2018-06-22 07:00:00,10.070605,10.784000396728516
HUFL,2018-06-26 08:00:00,2018-06-22 08:00:00,11.494412,3.750999927520752
HUFL,2018-06-26 09:00:00,2018-06-22 09:00:00,7.701072,-4.287000179290772
HUFL,2018-06-26 10:00:00,2018-06-22 10:00:00,6.792427,-6.497000217437744
HUFL,2018-06-26 11:00:00,2018-06-22 11:00:00,6.3188343,-10.449000358581545
HUFL,2018-06-26 12:00:00,2018-06-22 12:00:00,5.28296,-15.270999908447266
HUFL,2018-06-26 13:00:00,2018-06-22 13:00:00,4.9173594,-6.2290000915527335
HUFL,2018-06-26 14:00:00,2018-06-22 14:00:00,0.6051919,-1.2730000019073486
HUFL,2018-06-26 15:00:00,2018-06-22 15:00:00,-0.33001179,-1.6740000247955322
HUFL,2018-06-26 16:00:00,2018-06-22 16:00:00,2.3530354,-5.492000102996826
HUFL,2018-06-26 17:00:00,2018-06-22 17:00:00,5.6029577,2.812999963760376
HUFL,2018-06-26 18:00:00,2018-06-22 18:00:00,4.1083765,9.243000030517578
HUFL,2018-06-26 19:00:00,2018-06-22 19:00:00,4.585947,10.11400032043457
HULL,2018-06-22 20:00:00,2018-06-18 20:00:00,2.3761806,1.9420000314712524
HULL,2018-06-22 21:00:00,2018-06-18 21:00:00,3.7000563,1.0720000267028809
HULL,2018-06-22 22:00:00,2018-06-18 22:00:00,3.929697,3.0810000896453857
HULL,2018-06-22 23:00:00,2018-06-18 23:00:00,4.27254,4.0859999656677255
HULL,2018-06-23 00:00:00,2018-06-19 00:00:00,4.2090726,6.764999866485598
HULL,2018-06-23 01:00:00,2018-06-19 01:00:00,3.8271487,5.960999965667725
HULL,2018-06-23 02:00:00,2018-06-19 02:00:00,3.2539697,5.960999965667725
HULL,2018-06-23 03:00:00,2018-06-19 03:00:00,3.9528708,5.625999927520752
HULL,2018-06-23 04:00:00,2018-06-19 04:00:00,3.0821643,6.564000129699707
HULL,2018-06-23 05:00:00,2018-06-19 05:00:00,3.3495862,6.296000003814697
HULL,2018-06-23 06:00:00,2018-06-19 06:00:00,3.513537,4.2199997901916495
HULL,2018-06-23 07:00:00,2018-06-19 07:00:00,4.915327,4.822999954223633
HULL,2018-06-23 08:00:00,2018-06-19 08:00:00,5.3171387,5.760000228881836
HULL,2018-06-23 09:00:00,2018-06-19 09:00:00,3.0836198,3.549999952316284
HULL,2018-06-23 10:00:00,2018-06-19 10:00:00,4.1799235,4.287000179290772
HULL,2018-06-23 11:00:00,2018-06-19 11:00:00,3.8598554,3.3489999771118164
HULL,2018-06-23 12:00:00,2018-06-19 12:00:00,2.978045,2.746000051498413
HULL,2018-06-23 13:00:00,2018-06-19 13:00:00,3.4921358,3.013999938964844
HULL,2018-06-23 14:00:00,2018-06-19 14:00:00,3.699311,3.41599988937378
HULL,2018-06-23 15:00:00,2018-06-19 15:00:00,2.9933918,3.6840000152587886
HULL,2018-06-23 16:00:00,2018-06-19 16:00:00,2.620735,2.2769999504089355
HULL,2018-06-23 17:00:00,2018-06-19 17:00:00,2.5081122,2.880000114440918
HULL,2018-06-23 18:00:00,2018-06-19 18:00:00,1.7758121,2.678999900817871
HULL,2018-06-23 19:00:00,2018-06-19 19:00:00,2.290077,2.5450000762939453
HULL,2018-06-23 20:00:00,2018-06-19 20:00:00,2.329747,2.344000101089477
HULL,2018-06-23 21:00:00,2018-06-19 21:00:00,1.6801243,2.4110000133514404
HULL,2018-06-23 22:00:00,2018-06-19 22:00:00,3.7314496,2.880000114440918
HULL,2018-06-23 23:00:00,2018-06-19 23:00:00,3.328082,5.827000141143799
HULL,2018-06-24 00:00:00,2018-06-20 00:00:00,4.814053,5.090000152587892
HULL,2018-06-24 01:00:00,2018-06-20 01:00:00,4.1238465,5.090000152587892
HULL,2018-06-24 02:00:00,2018-06-20 02:00:00,4.4579277,6.162000179290772
HULL,2018-06-24 03:00:00,2018-06-20 03:00:00,4.942083,5.827000141143799
HULL,2018-06-24 04:00:00,2018-06-20 04:00:00,4.6348286,5.625999927520752
HULL,2018-06-24 05:00:00,2018-06-20 05:00:00,4.907512,5.760000228881836
HULL,2018-06-24 06:00:00,2018-06-20 06:00:00,5.0954275,4.956999778747559
HULL,2018-06-24 07:00:00,2018-06-20 07:00:00,4.582316,5.425000190734863
HULL,2018-06-24 08:00:00,2018-06-20 08:00:00,4.719016,5.760000228881836
HULL,2018-06-24 09:00:00,2018-06-20 09:00:00,3.3872466,3.884999990463257
HULL,2018-06-24 10:00:00,2018-06-20 10:00:00,3.647499,4.152999877929688
HULL,2018-06-24 11:00:00,2018-06-20 11:00:00,3.6776166,4.0859999656677255
HULL,2018-06-24 12:00:00,2018-06-20 12:00:00,2.7765713,2.344000101089477
HULL,2018-06-24 13:00:00,2018-06-20 13:00:00,3.8482587,2.746000051498413
HULL,2018-06-24 14:00:00,2018-06-20 14:00:00,3.8327749,3.41599988937378
HULL,2018-06-24 15:00:00,2018-06-20 15:00:00,3.4069405,3.0810000896453857
HULL,2018-06-24 16:00:00,2018-06-20 16:00:00,2.6098762,3.013999938964844
HULL,2018-06-24 17:00:00,2018-06-20 17:00:00,3.1521168,3.013999938964844
HULL,2018-06-24 18:00:00,2018-06-20 18:00:00,2.8188322,2.678999900817871
HULL,2018-06-24 19:00:00,2018-06-20 19:00:00,2.6285293,2.344000101089477
HULL,2018-06-24 20:00:00,2018-06-20 20:00:00,2.6399186,2.344000101089477
HULL,2018-06-24 21:00:00,2018-06-20 21:00:00,2.248947,2.4110000133514404
HULL,2018-06-24 22:00:00,2018-06-20 22:00:00,4.073309,3.95199990272522
HULL,2018-06-24 23:00:00,2018-06-20 23:00:00,4.342098,5.492000102996826
HULL,2018-06-25 00:00:00,2018-06-21 00:00:00,4.6350665,6.63100004196167
HULL,2018-06-25 01:00:00,2018-06-21 01:00:00,4.9294386,5.492000102996826
HULL,2018-06-25 02:00:00,2018-06-21 02:00:00,4.4064727,6.697999954223633
HULL,2018-06-25 03:00:00,2018-06-21 03:00:00,4.4373765,6.966000080108643
HULL,2018-06-25 04:00:00,2018-06-21 04:00:00,4.525658,5.760000228881836
HULL,2018-06-25 05:00:00,2018-06-21 05:00:00,4.9929113,4.48799991607666
HULL,2018-06-25 06:00:00,2018-06-21 06:00:00,4.77427,4.956999778747559
HULL,2018-06-25 07:00:00,2018-06-21 07:00:00,4.9180303,5.760000228881836
HULL,2018-06-25 08:00:00,2018-06-21 08:00:00,5.87333,5.090000152587892
HULL,2018-06-25 09:00:00,2018-06-21 09:00:00,4.0585213,5.894000053405763
HULL,2018-06-25 10:00:00,2018-06-21 10:00:00,4.777128,4.75600004196167
HULL,2018-06-25 11:00:00,2018-06-21 11:00:00,4.9427576,5.223999977111816
HULL,2018-06-25 12:00:00,2018-06-21 12:00:00,4.6674643,4.287000179290772
HULL,2018-06-25 13:00:00,2018-06-21 13:00:00,5.1331534,3.3489999771118164
HULL,2018-06-25 14:00:00,2018-06-21 14:00:00,4.8132005,4.3540000915527335
HULL,2018-06-25 15:00:00,2018-06-21 15:00:00,4.404764,3.884999990463257
HULL,2018-06-25 16:00:00,2018-06-21 16:00:00,4.312746,3.2149999141693115
HULL,2018-06-25 17:00:00,2018-06-21 17:00:00,3.3687546,3.0810000896453857
HULL,2018-06-25 18:00:00,2018-06-21 18:00:00,2.8928523,3.549999952316284
HULL,2018-06-25 19:00:00,2018-06-21 19:00:00,2.7171617,2.812999963760376
HULL,2018-06-25 20:00:00,2018-06-21 20:00:00,2.5114074,3.4830000400543213
HULL,2018-06-25 21:00:00,2018-06-21 21:00:00,1.8628378,3.750999927520752
HULL,2018-06-25 22:00:00,2018-06-21 22:00:00,2.3727748,5.0229997634887695
HULL,2018-06-25 23:00:00,2018-06-21 23:00:00,4.319197,5.894000053405763
HULL,2018-06-26 00:00:00,2018-06-22 00:00:00,4.255058,6.966000080108643
HULL,2018-06-26 01:00:00,2018-06-22 01:00:00,3.7147026,5.960999965667725
HULL,2018-06-26 02:00:00,2018-06-22 02:00:00,3.6106708,6.764999866485598
HULL,2018-06-26 03:00:00,2018-06-22 03:00:00,2.822668,6.764999866485598
HULL,2018-06-26 04:00:00,2018-06-22 04:00:00,4.3063273,5.827000141143799
HULL,2018-06-26 05:00:00,2018-06-22 05:00:00,3.7521727,5.357999801635742
HULL,2018-06-26 06:00:00,2018-06-22 06:00:00,3.6222813,4.956999778747559
HULL,2018-06-26 07:00:00,2018-06-22 07:00:00,4.0564156,6.027999877929688
HULL,2018-06-26 08:00:00,2018-06-22 08:00:00,4.120032,5.760000228881836
HULL,2018-06-26 09:00:00,2018-06-22 09:00:00,3.5164669,5.692999839782715
HULL,2018-06-26 10:00:00,2018-06-22 10:00:00,3.9454434,6.162000179290772
HULL,2018-06-26 11:00:00,2018-06-22 11:00:00,3.3757231,5.090000152587892
HULL,2018-06-26 12:00:00,2018-06-22 12:00:00,2.2079382,3.818000078201294
HULL,2018-06-26 13:00:00,2018-06-22 13:00:00,3.1503386,3.4830000400543213
HULL,2018-06-26 14:00:00,2018-06-22 14:00:00,2.5494182,3.617000102996826
HULL,2018-06-26 15:00:00,2018-06-22 15:00:00,3.2216148,3.549999952316284
HULL,2018-06-26 16:00:00,2018-06-22 16:00:00,3.1736362,4.287000179290772
HULL,2018-06-26 17:00:00,2018-06-22 17:00:00,2.7533326,3.818000078201294
HULL,2018-06-26 18:00:00,2018-06-22 18:00:00,2.2773826,3.818000078201294
HULL,2018-06-26 19:00:00,2018-06-22 19:00:00,2.0231612,3.549999952316284
MUFL,2018-06-22 20:00:00,2018-06-18 20:00:00,6.803733,4.122000217437743
MUFL,2018-06-22 21:00:00,2018-06-18 21:00:00,9.088053,4.300000190734863
MUFL,2018-06-22 22:00:00,2018-06-18 22:00:00,8.18439,6.183000087738037
MUFL,2018-06-22 23:00:00,2018-06-18 23:00:00,6.9998856,8.954999923706055
MUFL,2018-06-23 00:00:00,2018-06-19 00:00:00,6.756751,12.116999626159668
MUFL,2018-06-23 01:00:00,2018-06-19 01:00:00,6.745349,10.732000350952148
MUFL,2018-06-23 02:00:00,2018-06-19 02:00:00,6.22292,9.701000213623049
MUFL,2018-06-23 03:00:00,2018-06-19 03:00:00,5.8103623,10.199000358581545
MUFL,2018-06-23 04:00:00,2018-06-19 04:00:00,5.3458276,11.194000244140623
MUFL,2018-06-23 05:00:00,2018-06-19 05:00:00,6.222907,10.979999542236328
MUFL,2018-06-23 06:00:00,2018-06-19 06:00:00,4.9144807,8.883999824523926
MUFL,2018-06-23 07:00:00,2018-06-19 07:00:00,4.288145,7.177999973297119
MUFL,2018-06-23 08:00:00,2018-06-19 08:00:00,-3.1753256,8.564000129699707
MUFL,2018-06-23 09:00:00,2018-06-19 09:00:00,-2.5382109,-4.1579999923706055
MUFL,2018-06-23 10:00:00,2018-06-19 10:00:00,-5.53355,-13.112000465393065
MUFL,2018-06-23 11:00:00,2018-06-19 11:00:00,-1.2856648,-3.375999927520752
MUFL,2018-06-23 12:00:00,2018-06-19 12:00:00,-3.8833168,-5.6500000953674325
MUFL,2018-06-23 13:00:00,2018-06-19 13:00:00,-1.7342677,-6.502999782562256
MUFL,2018-06-23 14:00:00,2018-06-19 14:00:00,2.404996,-1.031000018119812
MUFL,2018-06-23 15:00:00,2018-06-19 15:00:00,-0.34103632,1.3860000371932983
MUFL,2018-06-23 16:00:00,2018-06-19 16:00:00,3.8097146,-1.919000029563904
MUFL,2018-06-23 17:00:00,2018-06-19 17:00:00,3.7826416,-0.8169999718666077
MUFL,2018-06-23 18:00:00,2018-06-19 18:00:00,3.1918917,3.7309999465942383
MUFL,2018-06-23 19:00:00,2018-06-19 19:00:00,3.7716727,4.2290000915527335
MUFL,2018-06-23 20:00:00,2018-06-19 20:00:00,4.62514,4.690999984741211
MUFL,2018-06-23 21:00:00,2018-06-19 21:00:00,5.0760856,6.324999809265138
MUFL,2018-06-23 22:00:00,2018-06-19 22:00:00,7.2349586,7.177999973297119
MUFL,2018-06-23 23:00:00,2018-06-19 23:00:00,8.367105,9.949999809265137
MUFL,2018-06-24 00:00:00,2018-06-20 00:00:00,9.057312,9.843000411987305
MUFL,2018-06-24 01:00:00,2018-06-20 01:00:00,8.666354,10.163000106811523
MUFL,2018-06-24 02:00:00,2018-06-20 02:00:00,9.405785,11.79800033569336
MUFL,2018-06-24 03:00:00,2018-06-20 03:00:00,8.134596,9.949999809265137
MUFL,2018-06-24 04:00:00,2018-06-20 04:00:00,7.8167567,9.737000465393066
MUFL,2018-06-24 05:00:00,2018-06-20 05:00:00,9.603105,10.163000106811523
MUFL,2018-06-24 06:00:00,2018-06-20 06:00:00,9.028729,8.244000434875487
MUFL,2018-06-24 07:00:00,2018-06-20 07:00:00,9.292301,3.3050000667572017
MUFL,2018-06-24 08:00:00,2018-06-20 08:00:00,9.471929,-1.883000016212464
MUFL,2018-06-24 09:00:00,2018-06-20 09:00:00,3.1192553,0.5329999923706055
MUFL,2018-06-24 10:00:00,2018-06-20 10:00:00,-3.1121452,-2.486999988555908
MUFL,2018-06-24 11:00:00,2018-06-20 11:00:00,-8.73133,-0.9589999914169312
MUFL,2018-06-24 12:00:00,2018-06-20 12:00:00,-5.534739,-1.1729999780654907
MUFL,2018-06-24 13:00:00,2018-06-20 13:00:00,-14.811056,-3.5179998874664307
MUFL,2018-06-24 14:00:00,2018-06-20 14:00:00,-5.5234036,-4.796999931335449
MUFL,2018-06-24 15:00:00,2018-06-20 15:00:00,-11.381057,-3.4820001125335693
MUFL,2018-06-24 16:00:00,2018-06-20 16:00:00,-4.2468004,-0.5690000057220459
MUFL,2018-06-24 17:00:00,2018-06-20 17:00:00,0.8053417,2.2390000820159908
MUFL,2018-06-24 18:00:00,2018-06-20 18:00:00,2.0235763,4.192999839782715
MUFL,2018-06-24 19:00:00,2018-06-20 19:00:00,3.5497885,5.081999778747559
MUFL,2018-06-24 20:00:00,2018-06-20 20:00:00,5.299316,5.436999797821045
MUFL,2018-06-24 21:00:00,2018-06-20 21:00:00,7.103783,7.249000072479247
MUFL,2018-06-24 22:00:00,2018-06-20 22:00:00,7.9713435,7.604000091552732
MUFL,2018-06-24 23:00:00,2018-06-20 23:00:00,8.3817215,9.701000213623049
MUFL,2018-06-25 00:00:00,2018-06-21 00:00:00,9.005579,12.223999977111816
MUFL,2018-06-25 01:00:00,2018-06-21 01:00:00,8.281948,9.630000114440918
MUFL,2018-06-25 02:00:00,2018-06-21 02:00:00,8.522477,11.548999786376951
MUFL,2018-06-25 03:00:00,2018-06-21 03:00:00,8.204664,12.01099967956543
MUFL,2018-06-25 04:00:00,2018-06-21 04:00:00,8.193033,10.625
MUFL,2018-06-25 05:00:00,2018-06-21 05:00:00,7.9584084,8.847999572753906
MUFL,2018-06-25 06:00:00,2018-06-21 06:00:00,6.668547,7.355999946594237
MUFL,2018-06-25 07:00:00,2018-06-21 07:00:00,2.499456,6.681000232696532
MUFL,2018-06-25 08:00:00,2018-06-21 08:00:00,-2.2327194,-1.4570000171661377
MUFL,2018-06-25 09:00:00,2018-06-21 09:00:00,-5.7808833,-7.390999794006348
MUFL,2018-06-25 10:00:00,2018-06-21 10:00:00,-12.857601,-12.57900047302246
MUFL,2018-06-25 11:00:00,2018-06-21 11:00:00,-17.518373,-14.427000045776367
MUFL,2018-06-25 12:00:00,2018-06-21 12:00:00,-19.79203,-15.458000183105469
MUFL,2018-06-25 13:00:00,2018-06-21 13:00:00,-18.004747,-11.157999992370604
MUFL,2018-06-25 14:00:00,2018-06-21 14:00:00,-12.329449,-12.86400032043457
MUFL,2018-06-25 15:00:00,2018-06-21 15:00:00,-6.4237947,-11.229000091552734
MUFL,2018-06-25 16:00:00,2018-06-21 16:00:00,-9.893562,-4.833000183105469
MUFL,2018-06-25 17:00:00,2018-06-21 17:00:00,0.47301918,1.883000016212464
MUFL,2018-06-25 18:00:00,2018-06-21 18:00:00,1.1748827,5.366000175476074
MUFL,2018-06-25 19:00:00,2018-06-21 19:00:00,3.0676801,6.183000087738037
MUFL,2018-06-25 20:00:00,2018-06-21 20:00:00,4.9372644,8.456999778747559
MUFL,2018-06-25 21:00:00,2018-06-21 21:00:00,4.690869,8.564000129699707
MUFL,2018-06-25 22:00:00,2018-06-21 22:00:00,5.487775,10.055999755859377
MUFL,2018-06-25 23:00:00,2018-06-21 23:00:00,6.9531946,11.76200008392334
MUFL,2018-06-26 00:00:00,2018-06-22 00:00:00,7.0691266,12.331000328063965
MUFL,2018-06-26 01:00:00,2018-06-22 01:00:00,6.719897,11.76200008392334
MUFL,2018-06-26 02:00:00,2018-06-22 02:00:00,6.1854777,11.869000434875488
MUFL,2018-06-26 03:00:00,2018-06-22 03:00:00,4.609094,11.229000091552734
MUFL,2018-06-26 04:00:00,2018-06-22 04:00:00,5.8867197,10.270000457763672
MUFL,2018-06-26 05:00:00,2018-06-22 05:00:00,5.8509746,9.630000114440918
MUFL,2018-06-26 06:00:00,2018-06-22 06:00:00,6.1781673,7.604000091552732
MUFL,2018-06-26 07:00:00,2018-06-22 07:00:00,4.9409647,4.513000011444092
MUFL,2018-06-26 08:00:00,2018-06-22 08:00:00,6.04115,-2.1679999828338623
MUFL,2018-06-26 09:00:00,2018-06-22 09:00:00,5.7627125,-8.208999633789062
MUFL,2018-06-26 10:00:00,2018-06-22 10:00:00,3.7515488,-10.482999801635742
MUFL,2018-06-26 11:00:00,2018-06-22 11:00:00,2.7595458,-14.463000297546388
MUFL,2018-06-26 12:00:00,2018-06-22 12:00:00,2.4106576,-17.554000854492188
MUFL,2018-06-26 13:00:00,2018-06-22 13:00:00,1.8737013,-9.666000366210938
MUFL,2018-06-26 14:00:00,2018-06-22 14:00:00,-1.8643576,-4.90399980545044
MUFL,2018-06-26 15:00:00,2018-06-22 15:00:00,-2.6355152,-5.614999771118164
MUFL,2018-06-26 16:00:00,2018-06-22 16:00:00,-0.41941375,-9.131999969482422
MUFL,2018-06-26 17:00:00,2018-06-22 17:00:00,2.670503,-0.8169999718666077
MUFL,2018-06-26 18:00:00,2018-06-22 18:00:00,1.4927998,5.4720001220703125
MUFL,2018-06-26 19:00:00,2018-06-22 19:00:00,2.3540957,6.183000087738037
MULL,2018-06-22 20:00:00,2018-06-18 20:00:00,0.7123078,0.7459999918937683
MULL,2018-06-22 21:00:00,2018-06-18 21:00:00,1.68388,-0.0359999984502792
MULL,2018-06-22 22:00:00,2018-06-18 22:00:00,2.0402298,1.9900000095367432
MULL,2018-06-22 23:00:00,2018-06-18 23:00:00,1.54139,2.5230000019073486
MULL,2018-06-23 00:00:00,2018-06-19 00:00:00,1.5853556,4.3350000381469735
MULL,2018-06-23 01:00:00,2018-06-19 01:00:00,1.9172586,3.872999906539917
MULL,2018-06-23 02:00:00,2018-06-19 02:00:00,1.5906051,3.7309999465942383
MULL,2018-06-23 03:00:00,2018-06-19 03:00:00,1.968321,3.1630001068115234
MULL,2018-06-23 04:00:00,2018-06-19 04:00:00,1.5006382,4.192999839782715
MULL,2018-06-23 05:00:00,2018-06-19 05:00:00,1.1235788,3.9800000190734863
MULL,2018-06-23 06:00:00,2018-06-19 06:00:00,1.4335289,2.203000068664551
MULL,2018-06-23 07:00:00,2018-06-19 07:00:00,2.2438488,2.559000015258789
MULL,2018-06-23 08:00:00,2018-06-19 08:00:00,3.0466917,3.9440000057220463
MULL,2018-06-23 09:00:00,2018-06-19 09:00:00,1.4451519,2.1679999828338623
MULL,2018-06-23 10:00:00,2018-06-19 10:00:00,2.4596415,3.4470000267028813
MULL,2018-06-23 11:00:00,2018-06-19 11:00:00,2.1134307,1.9539999961853027
MULL,2018-06-23 12:00:00,2018-06-19 12:00:00,0.72652775,1.24399995803833
MULL,2018-06-23 13:00:00,2018-06-19 13:00:00,1.9482094,1.350000023841858
MULL,2018-06-23 14:00:00,2018-06-19 14:00:00,1.1960251,1.9539999961853027
MULL,2018-06-23 15:00:00,2018-06-19 15:00:00,1.03194,1.9900000095367432
MULL,2018-06-23 16:00:00,2018-06-19 16:00:00,1.2727623,1.031000018119812
MULL,2018-06-23 17:00:00,2018-06-19 17:00:00,0.8538581,1.3860000371932983
MULL,2018-06-23 18:00:00,2018-06-19 18:00:00,0.43564942,1.2790000438690186
MULL,2018-06-23 19:00:00,2018-06-19 19:00:00,1.0834367,1.2079999446868896
MULL,2018-06-23 20:00:00,2018-06-19 20:00:00,1.0389957,0.9589999914169312
MULL,2018-06-23 21:00:00,2018-06-19 21:00:00,0.035915934,1.315000057220459
MULL,2018-06-23 22:00:00,2018-06-19 22:00:00,2.118446,1.883000016212464
MULL,2018-06-23 23:00:00,2018-06-19 23:00:00,2.1807709,3.660000085830689
MULL,2018-06-24 00:00:00,2018-06-20 00:00:00,2.963223,3.127000093460083
MULL,2018-06-24 01:00:00,2018-06-20 01:00:00,2.2813542,3.3050000667572017
MULL,2018-06-24 02:00:00,2018-06-20 02:00:00,3.2011855,4.1579999923706055
MULL,2018-06-24 03:00:00,2018-06-20 03:00:00,2.7203608,3.696000099182129
MULL,2018-06-24 04:00:00,2018-06-20 04:00:00,3.2351868,3.4820001125335693
MULL,2018-06-24 05:00:00,2018-06-20 05:00:00,2.6269488,2.9140000343322754
MULL,2018-06-24 06:00:00,2018-06-20 06:00:00,2.4919708,2.025000095367432
MULL,2018-06-24 07:00:00,2018-06-20 07:00:00,2.9811056,3.0559999942779537
MULL,2018-06-24 08:00:00,2018-06-20 08:00:00,3.4671688,3.3050000667572017
MULL,2018-06-24 09:00:00,2018-06-20 09:00:00,1.8440211,2.0969998836517334
MULL,2018-06-24 10:00:00,2018-06-20 10:00:00,2.1188893,2.559000015258789
MULL,2018-06-24 11:00:00,2018-06-20 11:00:00,2.039827,1.812000036239624
MULL,2018-06-24 12:00:00,2018-06-20 12:00:00,1.4097075,0.8529999852180481
MULL,2018-06-24 13:00:00,2018-06-20 13:00:00,1.6920108,1.065999984741211
MULL,2018-06-24 14:00:00,2018-06-20 14:00:00,1.3374549,2.025000095367432
MULL,2018-06-24 15:00:00,2018-06-20 15:00:00,1.3897734,1.2079999446868896
MULL,2018-06-24 16:00:00,2018-06-20 16:00:00,1.0919274,1.6699999570846558
MULL,2018-06-24 17:00:00,2018-06-20 17:00:00,1.4991401,1.6699999570846558
MULL,2018-06-24 18:00:00,2018-06-20 18:00:00,1.3367237,1.2079999446868896
MULL,2018-06-24 19:00:00,2018-06-20 19:00:00,1.4371936,1.1729999780654907
MULL,2018-06-24 20:00:00,2018-06-20 20:00:00,1.2320495,0.9950000047683716
MULL,2018-06-24 21:00:00,2018-06-20 21:00:00,1.050116,1.2079999446868896
MULL,2018-06-24 22:00:00,2018-06-20 22:00:00,2.1534865,1.812000036239624
MULL,2018-06-24 23:00:00,2018-06-20 23:00:00,2.563276,3.766999959945679
MULL,2018-06-25 00:00:00,2018-06-21 00:00:00,3.1081018,4.1579999923706055
MULL,2018-06-25 01:00:00,2018-06-21 01:00:00,2.6135614,3.3050000667572017
MULL,2018-06-25 02:00:00,2018-06-21 02:00:00,2.467586,4.014999866485597
MULL,2018-06-25 03:00:00,2018-06-21 03:00:00,2.4441917,4.0869998931884775
MULL,2018-06-25 04:00:00,2018-06-21 04:00:00,2.6878772,3.375999927520752
MULL,2018-06-25 05:00:00,2018-06-21 05:00:00,2.3766909,2.309999942779541
MULL,2018-06-25 06:00:00,2018-06-21 06:00:00,2.4563642,2.486999988555908
MULL,2018-06-25 07:00:00,2018-06-21 07:00:00,2.6622343,3.4110000133514404
MULL,2018-06-25 08:00:00,2018-06-21 08:00:00,3.4101071,3.1979999542236333
MULL,2018-06-25 09:00:00,2018-06-21 09:00:00,1.9704269,3.1630001068115234
MULL,2018-06-25 10:00:00,2018-06-21 10:00:00,3.0162694,2.594000101089477
MULL,2018-06-25 11:00:00,2018-06-21 11:00:00,2.2948797,2.806999921798706
MULL,2018-06-25 12:00:00,2018-06-21 12:00:00,2.3096669,2.0969998836517334
MULL,2018-06-25 13:00:00,2018-06-21 13:00:00,2.5186808,1.5640000104904177
MULL,2018-06-25 14:00:00,2018-06-21 14:00:00,2.9879298,2.594000101089477
MULL,2018-06-25 15:00:00,2018-06-21 15:00:00,2.0180445,2.131999969482422
MULL,2018-06-25 16:00:00,2018-06-21 16:00:00,2.3919537,1.6349999904632568
MULL,2018-06-25 17:00:00,2018-06-21 17:00:00,1.7025316,1.6349999904632568
MULL,2018-06-25 18:00:00,2018-06-21 18:00:00,1.5138309,1.7769999504089355
MULL,2018-06-25 19:00:00,2018-06-21 19:00:00,1.226003,1.315000057220459
MULL,2018-06-25 20:00:00,2018-06-21 20:00:00,1.1710314,1.6349999904632568
MULL,2018-06-25 21:00:00,2018-06-21 21:00:00,0.42442858,2.131999969482422
MULL,2018-06-25 22:00:00,2018-06-21 22:00:00,1.0625536,3.7309999465942383
MULL,2018-06-25 23:00:00,2018-06-21 23:00:00,2.2882664,3.375999927520752
MULL,2018-06-26 00:00:00,2018-06-22 00:00:00,2.3466222,4.263999938964844
MULL,2018-06-26 01:00:00,2018-06-22 01:00:00,1.6789603,3.4820001125335693
MULL,2018-06-26 02:00:00,2018-06-22 02:00:00,1.7027601,3.5529999732971187
MULL,2018-06-26 03:00:00,2018-06-22 03:00:00,1.1929528,3.4820001125335693
MULL,2018-06-26 04:00:00,2018-06-22 04:00:00,2.1321328,3.5179998874664307
MULL,2018-06-26 05:00:00,2018-06-22 05:00:00,1.1770204,2.309999942779541
MULL,2018-06-26 06:00:00,2018-06-22 06:00:00,1.9314554,2.2390000820159908
MULL,2018-06-26 07:00:00,2018-06-22 07:00:00,1.5617186,2.664999961853028
MULL,2018-06-26 08:00:00,2018-06-22 08:00:00,1.8657985,3.3399999141693115
MULL,2018-06-26 09:00:00,2018-06-22 09:00:00,1.9752477,3.375999927520752
MULL,2018-06-26 10:00:00,2018-06-22 10:00:00,2.176797,3.766999959945679
MULL,2018-06-26 11:00:00,2018-06-22 11:00:00,2.0853422,3.1979999542236333
MULL,2018-06-26 12:00:00,2018-06-22 12:00:00,1.187864,2.45199990272522
MULL,2018-06-26 13:00:00,2018-06-22 13:00:00,1.4231006,1.5279999971389768
MULL,2018-06-26 14:00:00,2018-06-22 14:00:00,1.3993211,2.131999969482422
MULL,2018-06-26 15:00:00,2018-06-22 15:00:00,1.0815887,2.131999969482422
MULL,2018-06-26 16:00:00,2018-06-22 16:00:00,1.5061494,2.2739999294281006
MULL,2018-06-26 17:00:00,2018-06-22 17:00:00,1.3264682,2.0969998836517334
MULL,2018-06-26 18:00:00,2018-06-22 18:00:00,1.0186375,2.0969998836517334
MULL,2018-06-26 19:00:00,2018-06-22 19:00:00,0.7755681,1.5640000104904177
LUFL,2018-06-22 20:00:00,2018-06-18 20:00:00,3.905069,2.437000036239624
LUFL,2018-06-22 21:00:00,2018-06-18 21:00:00,3.5668654,2.345000028610229
LUFL,2018-06-22 22:00:00,2018-06-18 22:00:00,3.2740936,2.131999969482422
LUFL,2018-06-22 23:00:00,2018-06-18 23:00:00,5.2449036,2.2239999771118164
LUFL,2018-06-23 00:00:00,2018-06-19 00:00:00,4.7570014,4.355999946594238
LUFL,2018-06-23 01:00:00,2018-06-19 01:00:00,4.5566916,4.355999946594238
LUFL,2018-06-23 02:00:00,2018-06-19 02:00:00,4.476496,4.263999938964844
LUFL,2018-06-23 03:00:00,2018-06-19 03:00:00,4.261304,4.263999938964844
LUFL,2018-06-23 04:00:00,2018-06-19 04:00:00,4.508687,4.507999897003174
LUFL,2018-06-23 05:00:00,2018-06-19 05:00:00,5.0993385,5.056000232696533
LUFL,2018-06-23 06:00:00,2018-06-19 06:00:00,2.8204708,4.994999885559082
LUFL,2018-06-23 07:00:00,2018-06-19 07:00:00,5.0644794,5.300000190734863
LUFL,2018-06-23 08:00:00,2018-06-19 08:00:00,5.44178,2.7109999656677246
LUFL,2018-06-23 09:00:00,2018-06-19 09:00:00,2.9612494,2.315000057220459
LUFL,2018-06-23 10:00:00,2018-06-19 10:00:00,3.7895877,2.8329999446868896
LUFL,2018-06-23 11:00:00,2018-06-19 11:00:00,3.756504,3.3199999332427983
LUFL,2018-06-23 12:00:00,2018-06-19 12:00:00,3.3221195,2.58899998664856
LUFL,2018-06-23 13:00:00,2018-06-19 13:00:00,3.7318912,2.253999948501587
LUFL,2018-06-23 14:00:00,2018-06-19 14:00:00,2.9638617,2.375999927520752
LUFL,2018-06-23 15:00:00,2018-06-19 15:00:00,2.851161,2.2839999198913574
LUFL,2018-06-23 16:00:00,2018-06-19 16:00:00,2.9193127,2.5280001163482666
LUFL,2018-06-23 17:00:00,2018-06-19 17:00:00,3.1718693,2.8020000457763667
LUFL,2018-06-23 18:00:00,2018-06-19 18:00:00,2.5925438,2.8329999446868896
LUFL,2018-06-23 19:00:00,2018-06-19 19:00:00,2.5159876,2.740999937057495
LUFL,2018-06-23 20:00:00,2018-06-19 20:00:00,2.738473,2.9549999237060547
LUFL,2018-06-23 21:00:00,2018-06-19 21:00:00,2.3351295,2.7109999656677246
LUFL,2018-06-23 22:00:00,2018-06-19 22:00:00,2.3248622,2.4059998989105225
LUFL,2018-06-23 23:00:00,2018-06-19 23:00:00,2.1706138,4.598999977111816
LUFL,2018-06-24 00:00:00,2018-06-20 00:00:00,4.286956,4.355999946594238
LUFL,2018-06-24 01:00:00,2018-06-20 01:00:00,4.1029797,4.538000106811523
LUFL,2018-06-24 02:00:00,2018-06-20 02:00:00,4.038013,4.142000198364259
LUFL,2018-06-24 03:00:00,2018-06-20 03:00:00,4.0709786,4.386000156402588
LUFL,2018-06-24 04:00:00,2018-06-20 04:00:00,4.0517287,4.477000236511231
LUFL,2018-06-24 05:00:00,2018-06-20 05:00:00,4.5289254,5.390999794006348
LUFL,2018-06-24 06:00:00,2018-06-20 06:00:00,4.941241,5.482999801635742
LUFL,2018-06-24 07:00:00,2018-06-20 07:00:00,4.894754,5.390999794006348
LUFL,2018-06-24 08:00:00,2018-06-20 08:00:00,2.670751,5.6040000915527335
LUFL,2018-06-24 09:00:00,2018-06-20 09:00:00,2.3699598,2.8329999446868896
LUFL,2018-06-24 10:00:00,2018-06-20 10:00:00,3.0376506,3.1070001125335693
LUFL,2018-06-24 11:00:00,2018-06-20 11:00:00,3.2244797,3.0460000038146973
LUFL,2018-06-24 12:00:00,2018-06-20 12:00:00,2.907576,2.375999927520752
LUFL,2018-06-24 13:00:00,2018-06-20 13:00:00,3.0121045,2.437000036239624
LUFL,2018-06-24 14:00:00,2018-06-20 14:00:00,3.0910642,2.58899998664856
LUFL,2018-06-24 15:00:00,2018-06-20 15:00:00,2.8319254,2.58899998664856
LUFL,2018-06-24 16:00:00,2018-06-20 16:00:00,2.8791883,2.7109999656677246
LUFL,2018-06-24 17:00:00,2018-06-20 17:00:00,3.2015922,2.924000024795532
LUFL,2018-06-24 18:00:00,2018-06-20 18:00:00,2.9936905,2.8329999446868896
LUFL,2018-06-24 19:00:00,2018-06-20 19:00:00,2.6598,2.559000015258789
LUFL,2018-06-24 20:00:00,2018-06-20 20:00:00,3.164991,2.8020000457763667
LUFL,2018-06-24 21:00:00,2018-06-20 21:00:00,2.8876348,2.58899998664856
LUFL,2018-06-24 22:00:00,2018-06-20 22:00:00,2.374053,2.375999927520752
LUFL,2018-06-24 23:00:00,2018-06-20 23:00:00,2.1742616,2.1630001068115234
LUFL,2018-06-25 00:00:00,2018-06-21 00:00:00,4.44999,4.447000026702881
LUFL,2018-06-25 01:00:00,2018-06-21 01:00:00,4.2417784,4.355999946594238
LUFL,2018-06-25 02:00:00,2018-06-21 02:00:00,4.1307573,4.386000156402588
LUFL,2018-06-25 03:00:00,2018-06-21 03:00:00,4.0928855,4.630000114440918
LUFL,2018-06-25 04:00:00,2018-06-21 04:00:00,4.0659018,4.630000114440918
LUFL,2018-06-25 05:00:00,2018-06-21 05:00:00,5.0234203,5.208000183105469
LUFL,2018-06-25 06:00:00,2018-06-21 06:00:00,5.0197554,5.117000102996826
LUFL,2018-06-25 07:00:00,2018-06-21 07:00:00,5.0415854,5.086999893188477
LUFL,2018-06-25 08:00:00,2018-06-21 08:00:00,5.1766176,5.238999843597412
LUFL,2018-06-25 09:00:00,2018-06-21 09:00:00,2.7329164,5.452000141143799
LUFL,2018-06-25 10:00:00,2018-06-21 10:00:00,3.2781994,3.776999950408936
LUFL,2018-06-25 11:00:00,2018-06-21 11:00:00,3.5085819,3.503000020980835
LUFL,2018-06-25 12:00:00,2018-06-21 12:00:00,2.955655,3.2290000915527344
LUFL,2018-06-25 13:00:00,2018-06-21 13:00:00,2.7988803,3.015000104904175
LUFL,2018-06-25 14:00:00,2018-06-21 14:00:00,2.7011511,2.8020000457763667
LUFL,2018-06-25 15:00:00,2018-06-21 15:00:00,2.7968755,3.1070001125335693
LUFL,2018-06-25 16:00:00,2018-06-21 16:00:00,2.8643286,2.9549999237060547
LUFL,2018-06-25 17:00:00,2018-06-21 17:00:00,3.06561,3.6549999713897705
LUFL,2018-06-25 18:00:00,2018-06-21 18:00:00,2.9273133,3.4719998836517334
LUFL,2018-06-25 19:00:00,2018-06-21 19:00:00,2.6551104,3.3199999332427983
LUFL,2018-06-25 20:00:00,2018-06-21 20:00:00,2.965182,4.447000026702881
LUFL,2018-06-25 21:00:00,2018-06-21 21:00:00,2.847532,4.081999778747559
LUFL,2018-06-25 22:00:00,2018-06-21 22:00:00,2.7025146,3.776999950408936
LUFL,2018-06-25 23:00:00,2018-06-21 23:00:00,4.75805,3.4110000133514404
LUFL,2018-06-26 00:00:00,2018-06-22 00:00:00,4.481535,5.544000148773193
LUFL,2018-06-26 01:00:00,2018-06-22 01:00:00,4.3644266,5.421999931335449
LUFL,2018-06-26 02:00:00,2018-06-22 02:00:00,4.074464,5.269000053405762
LUFL,2018-06-26 03:00:00,2018-06-22 03:00:00,4.1570373,5.177999973297119
LUFL,2018-06-26 04:00:00,2018-06-22 04:00:00,4.308111,5.177999973297119
LUFL,2018-06-26 05:00:00,2018-06-22 05:00:00,4.5996933,5.817999839782715
LUFL,2018-06-26 06:00:00,2018-06-22 06:00:00,4.69335,5.664999961853027
LUFL,2018-06-26 07:00:00,2018-06-22 07:00:00,4.55056,5.72599983215332
LUFL,2018-06-26 08:00:00,2018-06-22 08:00:00,4.7450747,5.879000186920166
LUFL,2018-06-26 09:00:00,2018-06-22 09:00:00,2.2764006,3.4719998836517334
LUFL,2018-06-26 10:00:00,2018-06-22 10:00:00,3.0027516,3.563999891281128
LUFL,2018-06-26 11:00:00,2018-06-22 11:00:00,3.2789814,3.441999912261963
LUFL,2018-06-26 12:00:00,2018-06-22 12:00:00,2.711872,2.131999969482422
LUFL,2018-06-26 13:00:00,2018-06-22 13:00:00,2.7727137,3.13700008392334
LUFL,2018-06-26 14:00:00,2018-06-22 14:00:00,2.2186518,3.3199999332427983
LUFL,2018-06-26 15:00:00,2018-06-22 15:00:00,2.5629203,3.4719998836517334
LUFL,2018-06-26 16:00:00,2018-06-22 16:00:00,2.579796,3.532999992370605
LUFL,2018-06-26 17:00:00,2018-06-22 17:00:00,2.8988266,3.7160000801086426
LUFL,2018-06-26 18:00:00,2018-06-22 18:00:00,2.5352337,3.6549999713897705
LUFL,2018-06-26 19:00:00,2018-06-22 19:00:00,2.1549988,3.7160000801086426
LULL,2018-06-22 20:00:00,2018-06-18 20:00:00,1.2576417,0.944000005722046
LULL,2018-06-22 21:00:00,2018-06-18 21:00:00,1.1126137,1.065999984741211
LULL,2018-06-22 22:00:00,2018-06-18 22:00:00,1.2845794,0.944000005722046
LULL,2018-06-22 23:00:00,2018-06-18 23:00:00,1.6192483,0.9139999747276306
LULL,2018-06-23 00:00:00,2018-06-19 00:00:00,1.6246896,1.2489999532699585
LULL,2018-06-23 01:00:00,2018-06-19 01:00:00,1.5738766,1.2790000438690186
LULL,2018-06-23 02:00:00,2018-06-19 02:00:00,1.548898,1.309999942779541
LULL,2018-06-23 03:00:00,2018-06-19 03:00:00,1.5315495,1.4010000228881836
LULL,2018-06-23 04:00:00,2018-06-19 04:00:00,1.520838,1.462000012397766
LULL,2018-06-23 05:00:00,2018-06-19 05:00:00,1.6627123,1.5529999732971191
LULL,2018-06-23 06:00:00,2018-06-19 06:00:00,1.2748221,1.4320000410079956
LULL,2018-06-23 07:00:00,2018-06-19 07:00:00,1.8146505,1.6749999523162842
LULL,2018-06-23 08:00:00,2018-06-19 08:00:00,2.0382712,1.2790000438690186
LULL,2018-06-23 09:00:00,2018-06-19 09:00:00,1.3631812,1.2489999532699585
LULL,2018-06-23 10:00:00,2018-06-19 10:00:00,1.566106,1.371000051498413
LULL,2018-06-23 11:00:00,2018-06-19 11:00:00,1.2799557,1.462000012397766
LULL,2018-06-23 12:00:00,2018-06-19 12:00:00,1.4851102,1.2790000438690186
LULL,2018-06-23 13:00:00,2018-06-19 13:00:00,1.4154891,1.156999945640564
LULL,2018-06-23 14:00:00,2018-06-19 14:00:00,1.3349115,1.2489999532699585
LULL,2018-06-23 15:00:00,2018-06-19 15:00:00,1.2991378,1.3400000333786009
LULL,2018-06-23 16:00:00,2018-06-19 16:00:00,1.3692548,1.371000051498413
LULL,2018-06-23 17:00:00,2018-06-19 17:00:00,1.1053959,1.156999945640564
LULL,2018-06-23 18:00:00,2018-06-19 18:00:00,1.1205738,1.1269999742507937
LULL,2018-06-23 19:00:00,2018-06-19 19:00:00,0.9700917,1.187999963760376
LULL,2018-06-23 20:00:00,2018-06-19 20:00:00,1.0599434,1.1269999742507937
LULL,2018-06-23 21:00:00,2018-06-19 21:00:00,0.9608614,1.1269999742507937
LULL,2018-06-23 22:00:00,2018-06-19 22:00:00,0.9858763,0.975000023841858
LULL,2018-06-23 23:00:00,2018-06-19 23:00:00,0.7982866,1.919000029563904
LULL,2018-06-24 00:00:00,2018-06-20 00:00:00,1.2998979,1.2790000438690186
LULL,2018-06-24 01:00:00,2018-06-20 01:00:00,1.2946991,1.4010000228881836
LULL,2018-06-24 02:00:00,2018-06-20 02:00:00,1.2745045,1.156999945640564
LULL,2018-06-24 03:00:00,2018-06-20 03:00:00,1.2590919,1.4010000228881836
LULL,2018-06-24 04:00:00,2018-06-20 04:00:00,1.2335192,1.309999942779541
LULL,2018-06-24 05:00:00,2018-06-20 05:00:00,1.2922574,1.6749999523162842
LULL,2018-06-24 06:00:00,2018-06-20 06:00:00,1.4534073,1.7359999418258667
LULL,2018-06-24 07:00:00,2018-06-20 07:00:00,1.5124322,1.7669999599456787
LULL,2018-06-24 08:00:00,2018-06-20 08:00:00,1.3908063,2.0710000991821294
LULL,2018-06-24 09:00:00,2018-06-20 09:00:00,1.2089739,1.4320000410079956
LULL,2018-06-24 10:00:00,2018-06-20 10:00:00,1.2885588,1.309999942779541
LULL,2018-06-24 11:00:00,2018-06-20 11:00:00,1.4222623,1.371000051498413
LULL,2018-06-24 12:00:00,2018-06-20 12:00:00,1.3149427,1.1269999742507937
LULL,2018-06-24 13:00:00,2018-06-20 13:00:00,1.3327136,1.156999945640564
LULL,2018-06-24 14:00:00,2018-06-20 14:00:00,1.4274856,1.4010000228881836
LULL,2018-06-24 15:00:00,2018-06-20 15:00:00,1.4936318,1.2790000438690186
LULL,2018-06-24 16:00:00,2018-06-20 16:00:00,1.500982,1.218000054359436
LULL,2018-06-24 17:00:00,2018-06-20 17:00:00,1.2302424,0.9139999747276306
LULL,2018-06-24 18:00:00,2018-06-20 18:00:00,1.1306174,1.1269999742507937
LULL,2018-06-24 19:00:00,2018-06-20 19:00:00,1.1089981,0.975000023841858
LULL,2018-06-24 20:00:00,2018-06-20 20:00:00,1.2027633,0.944000005722046
LULL,2018-06-24 21:00:00,2018-06-20 21:00:00,1.1359583,1.0049999952316284
LULL,2018-06-24 22:00:00,2018-06-20 22:00:00,1.1491532,0.975000023841858
LULL,2018-06-24 23:00:00,2018-06-20 23:00:00,1.0940818,0.8830000162124634
LULL,2018-06-25 00:00:00,2018-06-21 00:00:00,1.4630488,1.3400000333786009
LULL,2018-06-25 01:00:00,2018-06-21 01:00:00,1.4614328,1.371000051498413
LULL,2018-06-25 02:00:00,2018-06-21 02:00:00,1.4113313,1.371000051498413
LULL,2018-06-25 03:00:00,2018-06-21 03:00:00,1.4134927,1.5230000019073486
LULL,2018-06-25 04:00:00,2018-06-21 04:00:00,1.4483628,1.462000012397766
LULL,2018-06-25 05:00:00,2018-06-21 05:00:00,1.5883944,1.5529999732971191
LULL,2018-06-25 06:00:00,2018-06-21 06:00:00,1.7154124,1.5529999732971191
LULL,2018-06-25 07:00:00,2018-06-21 07:00:00,1.8027468,1.7669999599456787
LULL,2018-06-25 08:00:00,2018-06-21 08:00:00,2.0161383,1.919000029563904
LULL,2018-06-25 09:00:00,2018-06-21 09:00:00,1.50472,2.1630001068115234
LULL,2018-06-25 10:00:00,2018-06-21 10:00:00,1.4627951,1.3400000333786009
LULL,2018-06-25 11:00:00,2018-06-21 11:00:00,1.3701606,1.4320000410079956
LULL,2018-06-25 12:00:00,2018-06-21 12:00:00,1.4114939,1.4320000410079956
LULL,2018-06-25 13:00:00,2018-06-21 13:00:00,1.4581103,1.309999942779541
LULL,2018-06-25 14:00:00,2018-06-21 14:00:00,1.4849834,1.218000054359436
LULL,2018-06-25 15:00:00,2018-06-21 15:00:00,1.485166,1.4320000410079956
LULL,2018-06-25 16:00:00,2018-06-21 16:00:00,1.401798,1.2790000438690186
LULL,2018-06-25 17:00:00,2018-06-21 17:00:00,1.5483015,1.2489999532699585
LULL,2018-06-25 18:00:00,2018-06-21 18:00:00,1.339721,1.309999942779541
LULL,2018-06-25 19:00:00,2018-06-21 19:00:00,1.1872541,1.097000002861023
LULL,2018-06-25 20:00:00,2018-06-21 20:00:00,1.0799671,1.2489999532699585
LULL,2018-06-25 21:00:00,2018-06-21 21:00:00,1.1568911,1.065999984741211
LULL,2018-06-25 22:00:00,2018-06-21 22:00:00,1.0612304,1.218000054359436
LULL,2018-06-25 23:00:00,2018-06-21 23:00:00,1.4547573,1.187999963760376
LULL,2018-06-26 00:00:00,2018-06-22 00:00:00,1.5068684,1.6449999809265137
LULL,2018-06-26 01:00:00,2018-06-22 01:00:00,1.6324594,1.6449999809265137
LULL,2018-06-26 02:00:00,2018-06-22 02:00:00,1.4081867,1.7359999418258667
LULL,2018-06-26 03:00:00,2018-06-22 03:00:00,1.41202,1.6449999809265137
LULL,2018-06-26 04:00:00,2018-06-22 04:00:00,1.4682258,1.6749999523162842
LULL,2018-06-26 05:00:00,2018-06-22 05:00:00,1.499154,1.7359999418258667
LULL,2018-06-26 06:00:00,2018-06-22 06:00:00,1.3759367,1.8580000400543213
LULL,2018-06-26 07:00:00,2018-06-22 07:00:00,1.4931775,2.1630001068115234
LULL,2018-06-26 08:00:00,2018-06-22 08:00:00,1.6181308,2.2839999198913574
LULL,2018-06-26 09:00:00,2018-06-22 09:00:00,1.029918,1.8580000400543213
LULL,2018-06-26 10:00:00,2018-06-22 10:00:00,1.3103477,1.6139999628067017
LULL,2018-06-26 11:00:00,2018-06-22 11:00:00,1.452772,1.3400000333786009
LULL,2018-06-26 12:00:00,2018-06-22 12:00:00,1.2491416,0.8830000162124634
LULL,2018-06-26 13:00:00,2018-06-22 13:00:00,1.1835899,1.309999942779541
LULL,2018-06-26 14:00:00,2018-06-22 14:00:00,1.1137487,1.4320000410079956
LULL,2018-06-26 15:00:00,2018-06-22 15:00:00,1.2422397,1.5230000019073486
LULL,2018-06-26 16:00:00,2018-06-22 16:00:00,1.1310321,1.6749999523162842
LULL,2018-06-26 17:00:00,2018-06-22 17:00:00,1.1420745,1.5230000019073486
LULL,2018-06-26 18:00:00,2018-06-22 18:00:00,0.8796898,1.4320000410079956
LULL,2018-06-26 19:00:00,2018-06-22 19:00:00,0.8959414,1.462000012397766
OT,2018-06-22 20:00:00,2018-06-18 20:00:00,10.106427,5.908999919891357
OT,2018-06-22 21:00:00,2018-06-18 21:00:00,9.821957,5.9790000915527335
OT,2018-06-22 22:00:00,2018-06-18 22:00:00,9.814459,5.839000225067139
OT,2018-06-22 23:00:00,2018-06-18 23:00:00,10.041657,5.839000225067139
OT,2018-06-23 00:00:00,2018-06-19 00:00:00,9.564508,5.3460001945495605
OT,2018-06-23 01:00:00,2018-06-19 01:00:00,9.009823,5.416999816894531
OT,2018-06-23 02:00:00,2018-06-19 02:00:00,8.981568,5.416999816894531
OT,2018-06-23 03:00:00,2018-06-19 03:00:00,8.8154,5.76800012588501
OT,2018-06-23 04:00:00,2018-06-19 04:00:00,8.716051,5.908999919891357
OT,2018-06-23 05:00:00,2018-06-19 05:00:00,8.77311,6.261000156402588
OT,2018-06-23 06:00:00,2018-06-19 06:00:00,9.224486,6.683000087738037
OT,2018-06-23 07:00:00,2018-06-19 07:00:00,9.040065,6.4720001220703125
OT,2018-06-23 08:00:00,2018-06-19 08:00:00,8.585809,6.401999950408936
OT,2018-06-23 09:00:00,2018-06-19 09:00:00,8.858324,6.964000225067139
OT,2018-06-23 10:00:00,2018-06-19 10:00:00,9.21339,7.526999950408935
OT,2018-06-23 11:00:00,2018-06-19 11:00:00,9.200721,7.73799991607666
OT,2018-06-23 12:00:00,2018-06-19 12:00:00,9.35714,7.809000015258789
OT,2018-06-23 13:00:00,2018-06-19 13:00:00,8.952486,7.668000221252441
OT,2018-06-23 14:00:00,2018-06-19 14:00:00,4.6911364,8.159999847412111
OT,2018-06-23 15:00:00,2018-06-19 15:00:00,4.7888255,7.809000015258789
OT,2018-06-23 16:00:00,2018-06-19 16:00:00,3.8227131,8.159999847412111
OT,2018-06-23 17:00:00,2018-06-19 17:00:00,4.6130652,7.809000015258789
OT,2018-06-23 18:00:00,2018-06-19 18:00:00,6.132071,8.300999641418457
OT,2018-06-23 19:00:00,2018-06-19 19:00:00,6.386687,8.020000457763674
OT,2018-06-23 20:00:00,2018-06-19 20:00:00,6.8252335,7.668000221252441
OT,2018-06-23 21:00:00,2018-06-19 21:00:00,4.372099,7.386000156402588
OT,2018-06-23 22:00:00,2018-06-19 22:00:00,5.038196,7.315999984741211
OT,2018-06-23 23:00:00,2018-06-19 23:00:00,5.8062367,7.175000190734862
OT,2018-06-24 00:00:00,2018-06-20 00:00:00,6.488645,6.894000053405763
OT,2018-06-24 01:00:00,2018-06-20 01:00:00,7.257364,6.61299991607666
OT,2018-06-24 02:00:00,2018-06-20 02:00:00,6.9022665,6.401999950408936
OT,2018-06-24 03:00:00,2018-06-20 03:00:00,7.0054317,6.541999816894531
OT,2018-06-24 04:00:00,2018-06-20 04:00:00,6.9346514,6.964000225067139
OT,2018-06-24 05:00:00,2018-06-20 05:00:00,6.877605,6.894000053405763
OT,2018-06-24 06:00:00,2018-06-20 06:00:00,7.0297427,7.456999778747559
OT,2018-06-24 07:00:00,2018-06-20 07:00:00,7.1616273,7.456999778747559
OT,2018-06-24 08:00:00,2018-06-20 08:00:00,6.754929,8.442000389099121
OT,2018-06-24 09:00:00,2018-06-20 09:00:00,7.0775347,7.948999881744385
OT,2018-06-24 10:00:00,2018-06-20 10:00:00,7.6811714,8.51200008392334
OT,2018-06-24 11:00:00,2018-06-20 11:00:00,7.605706,9.003999710083008
OT,2018-06-24 12:00:00,2018-06-20 12:00:00,7.917415,9.28600025177002
OT,2018-06-24 13:00:00,2018-06-20 13:00:00,7.7014527,9.21500015258789
OT,2018-06-24 14:00:00,2018-06-20 14:00:00,8.182576,9.28600025177002
OT,2018-06-24 15:00:00,2018-06-20 15:00:00,7.9861503,9.355999946594238
OT,2018-06-24 16:00:00,2018-06-20 16:00:00,8.159271,9.496999740600586
OT,2018-06-24 17:00:00,2018-06-20 17:00:00,8.678018,9.21500015258789
OT,2018-06-24 18:00:00,2018-06-20 18:00:00,8.682687,9.145000457763672
OT,2018-06-24 19:00:00,2018-06-20 19:00:00,8.975174,9.074999809265137
OT,2018-06-24 20:00:00,2018-06-20 20:00:00,9.033625,8.86400032043457
OT,2018-06-24 21:00:00,2018-06-20 21:00:00,8.502022,8.371000289916992
OT,2018-06-24 22:00:00,2018-06-20 22:00:00,8.651998,8.371000289916992
OT,2018-06-24 23:00:00,2018-06-20 23:00:00,8.937299,8.51200008392334
OT,2018-06-25 00:00:00,2018-06-21 00:00:00,9.000682,8.722999572753906
OT,2018-06-25 01:00:00,2018-06-21 01:00:00,8.92135,9.003999710083008
OT,2018-06-25 02:00:00,2018-06-21 02:00:00,8.542923,9.56700038909912
OT,2018-06-25 03:00:00,2018-06-21 03:00:00,8.29265,9.56700038909912
OT,2018-06-25 04:00:00,2018-06-21 04:00:00,8.320895,8.51200008392334
OT,2018-06-25 05:00:00,2018-06-21 05:00:00,8.288695,8.652999877929688
OT,2018-06-25 06:00:00,2018-06-21 06:00:00,8.601523,8.934000015258789
OT,2018-06-25 07:00:00,2018-06-21 07:00:00,8.046746,9.56700038909912
OT,2018-06-25 08:00:00,2018-06-21 08:00:00,8.568871,10.973999977111816
OT,2018-06-25 09:00:00,2018-06-21 09:00:00,8.217899,11.467000007629396
OT,2018-06-25 10:00:00,2018-06-21 10:00:00,8.0402355,11.1850004196167
OT,2018-06-25 11:00:00,2018-06-21 11:00:00,8.147661,10.692999839782717
OT,2018-06-25 12:00:00,2018-06-21 12:00:00,8.002527,10.270999908447266
OT,2018-06-25 13:00:00,2018-06-21 13:00:00,8.3747015,10.621999740600586
OT,2018-06-25 14:00:00,2018-06-21 14:00:00,8.959647,11.255999565124512
OT,2018-06-25 15:00:00,2018-06-21 15:00:00,9.285842,11.607000350952148
OT,2018-06-25 16:00:00,2018-06-21 16:00:00,9.381644,12.380999565124512
OT,2018-06-25 17:00:00,2018-06-21 17:00:00,9.2139435,11.467000007629396
OT,2018-06-25 18:00:00,2018-06-21 18:00:00,9.147502,11.1850004196167
OT,2018-06-25 19:00:00,2018-06-21 19:00:00,8.646356,10.552000045776367
OT,2018-06-25 20:00:00,2018-06-21 20:00:00,8.48057,9.98900032043457
OT,2018-06-25 21:00:00,2018-06-21 21:00:00,8.302342,9.98900032043457
OT,2018-06-25 22:00:00,2018-06-21 22:00:00,8.216498,9.56700038909912
OT,2018-06-25 23:00:00,2018-06-21 23:00:00,8.207732,9.425999641418455
OT,2018-06-26 00:00:00,2018-06-22 00:00:00,8.386655,9.708000183105469
OT,2018-06-26 01:00:00,2018-06-22 01:00:00,8.516049,9.637999534606934
OT,2018-06-26 02:00:00,2018-06-22 02:00:00,8.239874,9.777999877929688
OT,2018-06-26 03:00:00,2018-06-22 03:00:00,8.0495825,9.56700038909912
OT,2018-06-26 04:00:00,2018-06-22 04:00:00,7.7951293,9.425999641418455
OT,2018-06-26 05:00:00,2018-06-22 05:00:00,7.606776,9.28600025177002
OT,2018-06-26 06:00:00,2018-06-22 06:00:00,5.510826,9.28600025177002
OT,2018-06-26 07:00:00,2018-06-22 07:00:00,6.9049387,9.637999534606934
OT,2018-06-26 08:00:00,2018-06-22 08:00:00,4.7115088,9.425999641418455
OT,2018-06-26 09:00:00,2018-06-22 09:00:00,6.5701785,9.074999809265137
OT,2018-06-26 10:00:00,2018-06-22 10:00:00,6.2195296,8.934000015258789
OT,2018-06-26 11:00:00,2018-06-22 11:00:00,6.549129,9.21500015258789
OT,2018-06-26 12:00:00,2018-06-22 12:00:00,3.3868673,9.21500015258789
OT,2018-06-26 13:00:00,2018-06-22 13:00:00,3.3804903,9.425999641418455
OT,2018-06-26 14:00:00,2018-06-22 14:00:00,3.7987542,10.199999809265137
OT,2018-06-26 15:00:00,2018-06-22 15:00:00,4.331094,10.904000282287598
OT,2018-06-26 16:00:00,2018-06-22 16:00:00,5.626397,11.043999671936035
OT,2018-06-26 17:00:00,2018-06-22 17:00:00,4.128483,10.270999908447266
OT,2018-06-26 18:00:00,2018-06-22 18:00:00,4.5909567,9.777999877929688
OT,2018-06-26 19:00:00,2018-06-22 19:00:00,5.804244,9.56700038909912
