year,data_mean_global,data_mean_nh,data_mean_sh
0,277.454,277.454,277.454
1,277.137,277.137,277.137
2,277.16,277.16,277.16
3,277.158,277.158,277.158
4,277.157,277.157,277.157
5,277.167,277.167,277.167
6,277.172,277.172,277.172
7,277.171,277.171,277.171
8,277.175,277.175,277.175
9,277.176,277.176,277.176
10,277.179,277.179,277.179
11,277.194,277.194,277.194
12,277.198,277.198,277.198
13,277.201,277.201,277.201
14,277.201,277.201,277.201
15,277.211,277.211,277.211
16,277.217,277.217,277.217
17,277.221,277.221,277.221
18,277.226,277.226,277.226
19,277.227,277.227,277.227
20,277.232,277.232,277.232
21,277.234,277.234,277.234
22,277.237,277.237,277.237
23,277.245,277.245,277.245
24,277.249,277.249,277.249
25,277.256,277.256,277.256
26,277.26,277.26,277.26
27,277.277,277.277,277.277
28,277.28,277.28,277.28
29,277.282,277.282,277.282
30,277.284,277.284,277.284
31,277.285,277.285,277.285
32,277.293,277.293,277.293
33,277.291,277.291,277.291
34,277.295,277.295,277.295
35,277.3,277.3,277.3
36,277.305,277.305,277.305
37,277.311,277.311,277.311
38,277.316,277.316,277.316
39,277.318,277.318,277.318
40,277.325,277.325,277.325
41,277.33,277.33,277.33
42,277.334,277.334000000001,277.334
43,277.337,277.337,277.337
44,277.341,277.341,277.341
45,277.343,277.343,277.343
46,277.348,277.348,277.348
47,277.351,277.351,277.351
48,277.353,277.353,277.353
49,277.36,277.36,277.36
50,277.362,277.362,277.362
51,277.363,277.363,277.363
52,277.368,277.368,277.368
53,277.371,277.371,277.371
54,277.376,277.376,277.376
55,277.379,277.379,277.379
56,277.385,277.385,277.385
57,277.387,277.387,277.387
58,277.389,277.389,277.389
59,277.395,277.395,277.395
60,277.397,277.397,277.397
61,277.402,277.402,277.402
62,277.406,277.406,277.406
63,277.408,277.408,277.408
64,277.417,277.417,277.417
65,277.423,277.423,277.423
66,277.428,277.428,277.428
67,277.43,277.43,277.43
68,277.433,277.433,277.433
69,277.437,277.437,277.437
70,277.436,277.436,277.436
71,277.437,277.437,277.437
72,277.437,277.437,277.437
73,277.445,277.445,277.445
74,277.452,277.452,277.452
75,277.457,277.457,277.457
76,277.462,277.462,277.462
77,277.461,277.461,277.461
78,277.463,277.463,277.463
79,277.472,277.472,277.472
80,277.477,277.477,277.477
81,277.481,277.481,277.481
82,277.487,277.487,277.487
83,277.489,277.489,277.489
84,277.497,277.497,277.497
85,277.505,277.505,277.505
86,277.509,277.509,277.509
87,277.516,277.516,277.516
88,277.52,277.52,277.52
89,277.528,277.528,277.528
90,277.536,277.536,277.536
91,277.541,277.541,277.541
92,277.554,277.554,277.554
93,277.56,277.56,277.56
94,277.571,277.571,277.571
95,277.571,277.571,277.571
96,277.579,277.579,277.579
97,277.584,277.584,277.584
98,277.597,277.597,277.597
99,277.609,277.609,277.609
100,277.62,277.62,277.62
101,277.623,277.623,277.623
102,277.63,277.63,277.63
103,277.633,277.633,277.633
104,277.636,277.636,277.636
105,277.645,277.645,277.645
106,277.643,277.643,277.643
107,277.651,277.651,277.651
108,277.656,277.656,277.656
109,277.659,277.659,277.659
110,277.663,277.663,277.663
111,277.671,277.671,277.671
112,277.678,277.678,277.678
113,277.694,277.694,277.694
114,277.702,277.702,277.702
115,277.71,277.71,277.71
116,277.717,277.717,277.717
117,277.718,277.718,277.718
118,277.723,277.723,277.723
119,277.726,277.726,277.726
120,277.733,277.733,277.733
121,277.739,277.739,277.739
122,277.744,277.744,277.744
123,277.748,277.748,277.748
124,277.75,277.75,277.75
125,277.758,277.758,277.758
126,277.761,277.761,277.761
127,277.765,277.765,277.765
128,277.769,277.769,277.769
129,277.77,277.77,277.77
130,277.773,277.773,277.773
131,277.779,277.779,277.779
132,277.785,277.785,277.785
133,277.79,277.79,277.79
134,277.794,277.794,277.794
135,277.801,277.801,277.801
136,277.808,277.808,277.808
137,277.813,277.813,277.813
138,277.821,277.821,277.821
139,277.828,277.828,277.828
140,277.832,277.832,277.832
141,277.835,277.835,277.835
142,277.846,277.846,277.846
143,277.855,277.855,277.855
144,277.859,277.859,277.859
145,277.869,277.869,277.869
146,277.876,277.876,277.876
147,277.884,277.884,277.884
148,277.89,277.89,277.89
149,277.897,277.897,277.897
150,277.907,277.907,277.907
151,277.917,277.917,277.917
152,277.924,277.924,277.924
153,277.934,277.934,277.934
154,277.946,277.946,277.946
155,277.956,277.956,277.956
156,277.977,277.977,277.977
157,277.984,277.984,277.984
158,278,278,278
159,278.012,278.012,278.012
160,278.029,278.029,278.029
161,278.042,278.042,278.042
162,278.055,278.055,278.055
163,278.071,278.071,278.071
164,278.087,278.087,278.087
165,278.11,278.11,278.11
166,278.124,278.124,278.124
167,278.138,278.138,278.138
168,278.155,278.155,278.155
169,278.172,278.172,278.172
170,278.194,278.194,278.194
171,278.211,278.211,278.211
172,278.233,278.233,278.233
173,278.257,278.257,278.257
174,278.278,278.278,278.278
175,278.298,278.298,278.298
176,278.321,278.321,278.321
177,278.34,278.34,278.34
178,278.363,278.363,278.363
179,278.384,278.384,278.384
180,278.404000000001,278.404000000001,278.404000000001
181,278.415,278.415,278.415
182,278.432,278.432,278.432
183,278.455,278.455,278.455
184,278.483,278.483,278.483
185,278.508,278.508,278.508
186,278.52,278.52,278.52
187,278.543,278.543,278.543
188,278.561,278.561,278.561
189,278.58,278.58,278.58
190,278.599,278.599,278.599
191,278.635,278.635,278.635
192,278.661,278.661,278.661
193,278.681,278.681,278.681
194,278.712,278.712,278.712
195,278.735,278.735,278.735
196,278.765,278.765,278.765
197,278.789,278.789,278.789
198,278.816,278.816,278.816
199,278.845000000001,278.845000000001,278.845000000001
200,278.877,278.877,278.877
201,278.901,278.901,278.901
202,278.936,278.936,278.936
203,278.957,278.957,278.957
204,278.986,278.986,278.986
205,279.021,279.021,279.021
206,279.051,279.051,279.051
207,279.088,279.088,279.088
208,279.114,279.114,279.114
209,279.137,279.137,279.137
210,279.164,279.164,279.164
211,279.187,279.187,279.187
212,279.212,279.212,279.212
213,279.237,279.237,279.237
214,279.261,279.261,279.261
215,279.282,279.282,279.282
216,279.306,279.306,279.306
217,279.334,279.334,279.334
218,279.353,279.353,279.353
219,279.379,279.379,279.379
220,279.404,279.404,279.404
221,279.429,279.429,279.429
222,279.452,279.452,279.452
223,279.474,279.474,279.474
224,279.497,279.497,279.497
225,279.516,279.516,279.516
226,279.532999999999,279.532999999999,279.532999999999
227,279.554,279.554,279.554
228,279.578,279.578,279.578
229,279.602,279.602,279.602
230,279.625000000001,279.625000000001,279.625000000001
231,279.646000000001,279.646000000001,279.646
232,279.667,279.667,279.667
233,279.693000000001,279.693000000001,279.693000000001
234,279.717,279.717,279.717
235,279.739,279.739,279.739
236,279.749,279.749,279.749
237,279.77,279.77,279.77
238,279.788,279.788,279.788
239,279.806,279.806,279.806
240,279.825,279.825,279.825
241,279.835,279.835,279.835
242,279.846,279.846,279.846
243,279.855,279.855,279.855
244,279.863000000001,279.863000000001,279.863000000001
245,279.877,279.877,279.877
246,279.892,279.892,279.892
247,279.911,279.911,279.911
248,279.915,279.915,279.915
249,279.928,279.928,279.928
250,279.951999999999,279.951999999999,279.951999999999
251,279.974,279.974,279.974
252,279.987,279.987,279.987
253,279.994,279.994,279.994
254,279.998,279.998,279.997999999999
255,280.007000000001,280.007000000001,280.007000000001
256,280.012,280.012,280.012
257,280.031,280.031,280.031
258,280.039,280.039,280.039
259,280.046,280.046,280.046
260,280.059,280.059,280.059
261,280.056,280.056,280.056
262,280.070000000001,280.070000000001,280.070000000001
263,280.073,280.073,280.073
264,280.076,280.076,280.076
265,280.086,280.086,280.086
266,280.097000000001,280.097000000001,280.097000000001
267,280.109,280.109,280.109
268,280.123000000001,280.123000000001,280.123000000001
269,280.122000000001,280.122000000001,280.122000000001
270,280.142,280.142,280.142
271,280.15,280.15,280.15
272,280.160999999999,280.160999999999,280.160999999999
273,280.171999999999,280.171999999999,280.171999999999
274,280.181,280.181,280.181
275,280.187,280.187,280.187
276,280.197,280.197,280.197
277,280.207,280.207,280.207
278,280.204,280.204,280.204
279,280.216,280.216,280.216
280,280.213000000001,280.213000000001,280.213000000001
281,280.222,280.222000000001,280.222
282,280.228,280.228,280.228
283,280.23,280.23,280.23
284,280.231,280.231,280.231
285,280.235000000001,280.235000000001,280.235000000001
286,280.245000000001,280.245000000001,280.245000000001
287,280.242,280.242,280.242
288,280.242999999999,280.242999999999,280.242999999999
289,280.237,280.237,280.237
290,280.242,280.242,280.242
291,280.235,280.235,280.235
292,280.243,280.243,280.243
293,280.233000000001,280.233000000001,280.233000000001
294,280.235,280.235,280.235
295,280.236000000001,280.236000000001,280.236
296,280.24,280.24,280.24
297,280.225,280.225,280.225
298,280.211,280.211,280.210999999999
299,280.206000000001,280.206000000001,280.206000000001
300,280.209,280.209,280.209
301,280.211,280.211,280.211
302,280.21,280.21,280.21
303,280.207,280.207,280.207
304,280.206,280.206,280.206
305,280.208,280.208,280.208
306,280.203,280.203,280.203
307,280.196,280.196,280.196
308,280.197,280.197,280.197
309,280.196,280.196,280.196
310,280.193,280.193,280.193
311,280.19,280.19,280.19
312,280.192,280.192,280.192
313,280.171,280.171,280.171
314,280.169,280.169,280.169
315,280.157,280.157,280.157
316,280.156,280.156,280.156
317,280.148,280.148,280.148
318,280.14,280.14,280.14
319,280.126,280.126,280.126
320,280.125,280.125,280.125
321,280.118,280.118,280.118
322,280.11,280.11,280.11
323,280.101,280.101,280.101
324,280.087,280.087,280.087
325,280.08,280.08,280.08
326,280.088,280.088,280.088
327,280.087,280.087,280.087
328,280.08,280.08,280.08
329,280.065,280.065,280.065
330,280.057,280.057,280.057
331,280.048,280.048,280.048
332,280.035,280.035,280.035
333,280.025,280.025,280.025
334,280.007,280.007,280.007
335,279.993,279.993,279.993
336,279.975,279.975,279.975
337,279.965,279.965,279.965
338,279.949,279.949,279.949
339,279.926,279.926,279.926
340,279.919,279.919,279.919
341,279.89,279.89,279.89
342,279.875,279.875,279.875
343,279.85,279.85,279.85
344,279.833,279.833,279.833
345,279.827,279.827,279.827
346,279.813,279.813,279.813
347,279.806,279.806,279.806
348,279.788,279.788,279.788
349,279.78,279.78,279.78
350,279.761,279.761,279.761
351,279.752,279.752,279.752
352,279.734,279.734,279.734
353,279.726,279.726,279.726
354,279.717,279.717,279.717
355,279.7,279.7,279.7
356,279.668,279.668,279.668
357,279.644,279.644,279.644
358,279.614,279.614,279.614
359,279.588,279.588,279.588
360,279.559,279.559,279.559
361,279.532,279.532,279.532
362,279.496,279.496,279.496
363,279.466,279.466,279.466
364,279.441,279.441,279.441
365,279.42,279.42,279.42
366,279.399999999999,279.399999999999,279.399999999999
367,279.373,279.373,279.373
368,279.351,279.351,279.351
369,279.330999999999,279.330999999999,279.330999999999
370,279.307,279.307,279.307
371,279.276,279.276,279.276
372,279.249000000001,279.249000000001,279.249
373,279.223,279.223,279.223
374,279.22,279.22,279.22
375,279.206,279.206,279.206
376,279.194,279.194,279.194
377,279.181,279.181,279.181
378,279.167,279.167,279.167
379,279.144,279.144,279.144
380,279.136999999999,279.136999999999,279.136999999999
381,279.114,279.114,279.114
382,279.108,279.108,279.108
383,279.097,279.097,279.097
384,279.086,279.086,279.086
385,279.071,279.071,279.071
386,279.054999999999,279.054999999999,279.054999999999
387,279.037,279.037,279.037
388,279.017000000001,279.017000000001,279.017000000001
389,279.016999999999,279.017,279.016999999999
390,279.006,279.006,279.006
391,278.987,278.987,278.987
392,278.98,278.98,278.98
393,278.974,278.974,278.974
394,278.96,278.96,278.96
395,278.942,278.942,278.942
396,278.938,278.938,278.938
397,278.906,278.906,278.906
398,278.884,278.884,278.884
399,278.879999999999,278.879999999999,278.879999999999
400,278.864,278.864,278.864
401,278.846,278.846,278.846
402,278.833,278.833,278.833
403,278.832,278.832,278.832
404,278.835,278.835,278.835
405,278.84,278.84,278.84
406,278.836,278.836,278.836
407,278.839,278.839,278.839
408,278.84,278.84,278.84
409,278.829,278.829,278.829
410,278.821,278.821,278.821
411,278.814,278.814,278.814
412,278.817,278.817,278.817
413,278.804,278.804,278.804
414,278.789,278.789,278.789
415,278.775,278.775,278.775
416,278.76,278.76,278.76
417,278.754,278.754,278.754
418,278.719,278.719,278.719
419,278.703,278.703,278.703
420,278.692,278.692,278.692
421,278.67,278.67,278.67
422,278.655,278.655,278.655
423,278.641,278.641,278.641
424,278.627,278.627,278.627
425,278.608,278.608,278.608
426,278.593,278.593,278.593
427,278.572,278.572,278.572
428,278.558,278.558,278.558
429,278.544,278.544,278.544
430,278.521999999999,278.522,278.521999999999
431,278.498,278.498,278.498
432,278.473,278.473,278.473
433,278.454999999999,278.455,278.454999999999
434,278.426,278.426,278.426
435,278.396,278.396,278.396
436,278.369,278.369,278.369
437,278.351,278.351,278.351
438,278.313,278.313,278.313
439,278.287,278.287,278.287
440,278.268,278.268,278.268
441,278.251,278.251,278.251
442,278.232,278.232,278.232
443,278.226,278.226,278.226
444,278.22,278.22,278.22
445,278.19,278.19,278.19
446,278.18,278.18,278.18
447,278.151,278.151,278.151
448,278.137,278.137,278.137
449,278.119,278.119,278.119
450,278.102,278.102,278.102
451,278.083,278.083,278.083
452,278.051,278.051,278.051
453,278.026,278.026,278.026
454,278.01,278.01,278.01
455,277.985,277.985,277.985
456,277.971,277.971,277.971
457,277.949,277.949,277.949
458,277.925,277.925,277.925
459,277.897,277.897,277.897
460,277.883,277.883,277.883
461,277.865,277.865,277.865
462,277.845,277.845,277.845
463,277.816,277.816,277.816
464,277.8,277.8,277.8
465,277.777,277.777,277.777
466,277.758999999999,277.758999999999,277.758999999999
467,277.738,277.738,277.738
468,277.712999999999,277.712999999999,277.712999999999
469,277.692999999999,277.692999999999,277.692999999999
470,277.674,277.674,277.674
471,277.644,277.644,277.644
472,277.629000000001,277.629000000001,277.629000000001
473,277.611000000001,277.611000000001,277.611000000001
474,277.59,277.59,277.59
475,277.561,277.561,277.561
476,277.533,277.533,277.533
477,277.517,277.517,277.517
478,277.496,277.496,277.496
479,277.485,277.485,277.485
480,277.479999999999,277.479999999999,277.479999999999
481,277.463999999999,277.463999999999,277.463999999999
482,277.459,277.459,277.459
483,277.449,277.449,277.449
484,277.444,277.444,277.444
485,277.426999999999,277.426999999999,277.426999999999
486,277.400999999999,277.400999999999,277.400999999999
487,277.378,277.378,277.378
488,277.370000000001,277.370000000001,277.370000000001
489,277.353,277.353,277.353
490,277.348,277.348,277.348
491,277.331,277.331,277.331
492,277.311,277.311,277.311
493,277.299,277.299,277.299
494,277.277,277.277,277.277
495,277.264,277.264,277.264
496,277.258,277.258,277.258
497,277.239000000001,277.239000000001,277.239
498,277.235,277.235,277.235
499,277.216999999999,277.216999999999,277.216999999999
500,277.206,277.206,277.206
501,277.192,277.192,277.192
502,277.186,277.186,277.186
503,277.172,277.172,277.172
504,277.158,277.158,277.158
505,277.141,277.141,277.141
506,277.137,277.137,277.137
507,277.122,277.122,277.122
508,277.116,277.116,277.116
509,277.11,277.11,277.11
510,277.099,277.099,277.099
511,277.084,277.084,277.084
512,277.072,277.072,277.072
513,277.063,277.063,277.063
514,277.052,277.052,277.052
515,277.048,277.048,277.048
516,277.041,277.041,277.041
517,277.033,277.033,277.033
518,277.026,277.026,277.026
519,277.024,277.024,277.024
520,277.015,277.015,277.015
521,277.01,277.01,277.01
522,277.009,277.009,277.009
523,277.004,277.004,277.004
524,277.011,277.011,277.011
525,277.012,277.012,277.012
526,277.015,277.015,277.015
527,277.016,277.016,277.016
528,277.013,277.013,277.013
529,277.014,277.014,277.014
530,277.013,277.013,277.013
531,277.013,277.013,277.013
532,277.036,277.036,277.036
533,277.045,277.045,277.045
534,277.053,277.053,277.053
535,277.056,277.056,277.056
536,277.055,277.055,277.055
537,277.063,277.063,277.063
538,277.057,277.057,277.057
539,277.057,277.057,277.057
540,277.074,277.074,277.074
541,277.07,277.07,277.07
542,277.076,277.076,277.076
543,277.092,277.092,277.092
544,277.094,277.094,277.094
545,277.095,277.095,277.095
546,277.109,277.109,277.109
547,277.112,277.112,277.112
548,277.112,277.112,277.112
549,277.13,277.13,277.13
550,277.136,277.136,277.136
551,277.125,277.125,277.125
552,277.122,277.122,277.122
553,277.114,277.114,277.114
554,277.131,277.131,277.131
555,277.127,277.127,277.127
556,277.124,277.124,277.124
557,277.123,277.123,277.123
558,277.131,277.131,277.131
559,277.131,277.131,277.131
560,277.132,277.132,277.132
561,277.146,277.146,277.146
562,277.139,277.139,277.139
563,277.139,277.139,277.139
564,277.14,277.14,277.14
565,277.148,277.148,277.148
566,277.146,277.146,277.146
567,277.146,277.146,277.146
568,277.153,277.153,277.153
569,277.15,277.15,277.15
570,277.146,277.146,277.146
571,277.155,277.155,277.155
572,277.161,277.161,277.161
573,277.159,277.159,277.159
574,277.169,277.169,277.169
575,277.173,277.173,277.173
576,277.178,277.178,277.178
577,277.181,277.181,277.181
578,277.191,277.191,277.191
579,277.194,277.194,277.194
580,277.198,277.198,277.198
581,277.212,277.212,277.212
582,277.226,277.226,277.226
583,277.241,277.241,277.241
584,277.262,277.262,277.262
585,277.277,277.277,277.277
586,277.292,277.292,277.292
587,277.303,277.303,277.303
588,277.323,277.323,277.323
589,277.335,277.335,277.335
590,277.347,277.347,277.347
591,277.366,277.366,277.366
592,277.381,277.381,277.381
593,277.403,277.403,277.403
594,277.425,277.425,277.425
595,277.43,277.43,277.43
596,277.436,277.436,277.436
597,277.446,277.446,277.446
598,277.47,277.47,277.47
599,277.488,277.488,277.488
600,277.508,277.508,277.508
601,277.514,277.514,277.514
602,277.529,277.529,277.529
603,277.55,277.55,277.55
604,277.576000000001,277.576000000001,277.576000000001
605,277.591000000001,277.591000000001,277.591000000001
606,277.604999999999,277.605,277.604999999999
607,277.619,277.619,277.619
608,277.636000000001,277.636000000001,277.636000000001
609,277.656000000001,277.656000000001,277.656000000001
610,277.674000000009,277.674000000009,277.674000000009
611,277.687000000009,277.687000000009,277.687000000009
612,277.701999999968,277.701999999968,277.701999999968
613,277.721999999998,277.721999999998,277.721999999998
614,277.744,277.744,277.744
615,277.773,277.773,277.773
616,277.789,277.789,277.789
617,277.807,277.807,277.807
618,277.826,277.826,277.826
619,277.851,277.851,277.851
620,277.873,277.873,277.873
621,277.886,277.886,277.886
622,277.91,277.91,277.91
623,277.93,277.93,277.93
624,277.956,277.956,277.956
625,277.973,277.973,277.973
626,277.982,277.982,277.982
627,278.009,278.009,278.009
628,278.028,278.028,278.028
629,278.05,278.05,278.05
630,278.071,278.071,278.071
631,278.089,278.089,278.089
632,278.106,278.106,278.106
633,278.119,278.119,278.119
634,278.145,278.145,278.145
635,278.16,278.16,278.16
636,278.171,278.171,278.171
637,278.185,278.185,278.185
638,278.189,278.189,278.189
639,278.204,278.204,278.204
640,278.222,278.222,278.222
641,278.237,278.237,278.237
642,278.253,278.253,278.253
643,278.266,278.266,278.266
644,278.281,278.281,278.281
645,278.295,278.295,278.295
646,278.307,278.307,278.307
647,278.318,278.318,278.318
648,278.333,278.333,278.333
649,278.351,278.351,278.351
650,278.362,278.362,278.362
651,278.383,278.383,278.383
652,278.392,278.392,278.392
653,278.403,278.403,278.403
654,278.414,278.414,278.414
655,278.427,278.427,278.427
656,278.437,278.437,278.437
657,278.446,278.446,278.446
658,278.456,278.456,278.456
659,278.462,278.462,278.462
660,278.479,278.479,278.479
661,278.49,278.49,278.49
662,278.501,278.501000000001,278.501
663,278.509,278.509,278.509
664,278.525,278.525,278.525
665,278.528,278.528,278.528
666,278.539000000001,278.539000000001,278.539000000001
667,278.556,278.556,278.556
668,278.571000000001,278.571000000001,278.571000000001
669,278.581000000001,278.581000000001,278.581000000001
670,278.589,278.589,278.589
671,278.595,278.595,278.595
672,278.600999999999,278.600999999999,278.600999999999
673,278.607999999999,278.607999999999,278.607999999999
674,278.626,278.626,278.626
675,278.637,278.637,278.637
676,278.64,278.64,278.64
677,278.649,278.649,278.649
678,278.66,278.66,278.66
679,278.665,278.665,278.665
680,278.674000000001,278.674000000001,278.674000000001
681,278.683,278.683,278.683
682,278.689,278.689,278.689
683,278.697,278.697,278.697
684,278.716,278.716,278.716
685,278.726000000001,278.726000000001,278.726000000001
686,278.735000000001,278.735000000001,278.735000000001
687,278.741,278.741,278.741
688,278.755,278.755,278.754999999999
689,278.769000000001,278.769000000001,278.769000000001
690,278.781,278.781,278.781
691,278.799,278.799,278.799
692,278.799,278.799,278.799
693,278.81,278.810000000001,278.81
694,278.814,278.814,278.814
695,278.824,278.824,278.824
696,278.828,278.828,278.828
697,278.832,278.832,278.832
698,278.84,278.84,278.84
699,278.850000000001,278.850000000001,278.850000000001
700,278.861,278.861,278.861
701,278.873999999999,278.873999999999,278.873999999999
702,278.882,278.882,278.882
703,278.889999999999,278.889999999999,278.889999999999
704,278.901,278.901,278.901
705,278.903000000002,278.903000000002,278.903000000002
706,278.91,278.91,278.91
707,278.92,278.92,278.92
708,278.926999999999,278.926999999999,278.926999999998
709,278.935999999999,278.935999999999,278.935999999999
710,278.952000000004,278.952000000004,278.952000000004
711,278.958000000002,278.958000000002,278.958000000002
712,278.96299999998,278.96299999998,278.96299999998
713,278.973999999999,278.973999999999,278.973999999999
714,278.982,278.982,278.982
715,278.989,278.989,278.989
716,278.998,278.998,278.998
717,279.004,279.004,279.004
718,279.009,279.009,279.009
719,279.014,279.014,279.014
720,279.025,279.025,279.025
721,279.03,279.03,279.03
722,279.036,279.036,279.036
723,279.041,279.041,279.041
724,279.049,279.049,279.049
725,279.051,279.051,279.051
726,279.055,279.055,279.055
727,279.063,279.063,279.063
728,279.07,279.07,279.07
729,279.073,279.073,279.073
730,279.081,279.081,279.081
731,279.088,279.088,279.088
732,279.098,279.098,279.098
733,279.108,279.108,279.108
734,279.115,279.115,279.115
735,279.115,279.115,279.115
736,279.122,279.122,279.122
737,279.121,279.121,279.121
738,279.127,279.127,279.127
739,279.131,279.131,279.131
740,279.137,279.137,279.137
741,279.142,279.142,279.142
742,279.146,279.146,279.146
743,279.154,279.154,279.154
744,279.161,279.161,279.161
745,279.172,279.172,279.172
746,279.178,279.178,279.178
747,279.193,279.193,279.193
748,279.203,279.203,279.203
749,279.207,279.207,279.207
750,279.213,279.213,279.213
751,279.214,279.214,279.214
752,279.227,279.227,279.227
753,279.231,279.231,279.231
754,279.234,279.234,279.234
755,279.247,279.247,279.247
756,279.258,279.258,279.258
757,279.268,279.268,279.268
758,279.273,279.273,279.273
759,279.278,279.278,279.278
760,279.288,279.288,279.288
761,279.294,279.294,279.294
762,279.296,279.296,279.296
763,279.301,279.301,279.301
764,279.303,279.303,279.303
765,279.306,279.306,279.306
766,279.311,279.311,279.311
767,279.313,279.313,279.313
768,279.32,279.32,279.32
769,279.322,279.322,279.322
770,279.324,279.324,279.324
771,279.328,279.328,279.328
772,279.327,279.327,279.327
773,279.326,279.326,279.326
774,279.324,279.324,279.324
775,279.327,279.327,279.327
776,279.333,279.333,279.333
777,279.345,279.345,279.345
778,279.349,279.349,279.349
779,279.347,279.347,279.347
780,279.343,279.343,279.343
781,279.341,279.341,279.341
782,279.342,279.342,279.342
783,279.338,279.338,279.338
784,279.341,279.341,279.341
785,279.337,279.337,279.337
786,279.335,279.335,279.335
787,279.328,279.328,279.328
788,279.326,279.326,279.326
789,279.316,279.316,279.316
790,279.316,279.316,279.316
791,279.311,279.311,279.311
792,279.308,279.308,279.308
793,279.295,279.295,279.295
794,279.294,279.294,279.294
795,279.294,279.294,279.294
796,279.288,279.288,279.288
797,279.282,279.282,279.282
798,279.277,279.277,279.277
799,279.28,279.28,279.28
800,279.274,279.274,279.274
801,279.272,279.272,279.272
802,279.273,279.273,279.273
803,279.273,279.273,279.273
804,279.276,279.276,279.276
805,279.281,279.281,279.281
806,279.283,279.283,279.283
807,279.285,279.285,279.285
808,279.293,279.293,279.293
809,279.295,279.295,279.295
810,279.298,279.298,279.298
811,279.302,279.302,279.302
812,279.303,279.303,279.303
813,279.305,279.305,279.305
814,279.307,279.307,279.307
815,279.311,279.311,279.311
816,279.313,279.313,279.313
817,279.315,279.315,279.315
818,279.32,279.32,279.32
819,279.319,279.319,279.319
820,279.324,279.324,279.324
821,279.325,279.325,279.325
822,279.326,279.326,279.326
823,279.326,279.326,279.326
824,279.323,279.323,279.323
825,279.323,279.323,279.323
826,279.321,279.321,279.321
827,279.322,279.322,279.322
828,279.323,279.323,279.323
829,279.326,279.326,279.326
830,279.326,279.326,279.326
831,279.326,279.326,279.326
832,279.324,279.324,279.324
833,279.329,279.329,279.329
834,279.324,279.324,279.324
835,279.325,279.325,279.325
836,279.323,279.323,279.323
837,279.327,279.327,279.327
838,279.329,279.329,279.329
839,279.334,279.334,279.334
840,279.334,279.334,279.334
841,279.334,279.334,279.334
842,279.339,279.339,279.339
843,279.349,279.349,279.349
844,279.349,279.349,279.349
845,279.352,279.352,279.352
846,279.349,279.349,279.349
847,279.349,279.349,279.349
848,279.352,279.352,279.352
849,279.355,279.355,279.355
850,279.353,279.353,279.353
851,279.355,279.355,279.355
852,279.352,279.352,279.352
853,279.352,279.352,279.352
854,279.35,279.35,279.35
855,279.348,279.348,279.348
856,279.346,279.346,279.346
857,279.349,279.349,279.349
858,279.348,279.348,279.348
859,279.347,279.347,279.347
860,279.351,279.351,279.351
861,279.345,279.345,279.345
862,279.347,279.347,279.347
863,279.348,279.348,279.348
864,279.347,279.347,279.347
865,279.336,279.336,279.336
866,279.326,279.326,279.326
867,279.317,279.317,279.317
868,279.314,279.314,279.314
869,279.312,279.312,279.312
870,279.308,279.308,279.308
871,279.306,279.306,279.306
872,279.303,279.303,279.303
873,279.285,279.285,279.285
874,279.276,279.276,279.276
875,279.269,279.269,279.269
876,279.259,279.259,279.259
877,279.252,279.252,279.252
878,279.238,279.238,279.238
879,279.227,279.227,279.227
880,279.224,279.224,279.224
881,279.216,279.216,279.216
882,279.204,279.204,279.204
883,279.191,279.191,279.191
884,279.185,279.185,279.185
885,279.17,279.17,279.17
886,279.158,279.158,279.158
887,279.147,279.147,279.147
888,279.148,279.148,279.148
889,279.14,279.14,279.14
890,279.129,279.129,279.129
891,279.122,279.122,279.122
892,279.109,279.109,279.109
893,279.098,279.098,279.098
894,279.086,279.086,279.086
895,279.078,279.078,279.078
896,279.07,279.07,279.07
897,279.055,279.055,279.055
898,279.045,279.045,279.045
899,279.038,279.038,279.038
900,279.021,279.021,279.021
901,279.015,279.015,279.015
902,279.002,279.002,279.002
903,278.994,278.994,278.994
904,278.989,278.989,278.989
905,278.981,278.981,278.981
906,278.961,278.961,278.961
907,278.95,278.95,278.95
908,278.938,278.938,278.938
909,278.93,278.93,278.93
910,278.918,278.918,278.918
911,278.909,278.909,278.909
912,278.899,278.899,278.899
913,278.894,278.894,278.894
914,278.883,278.883,278.883
915,278.871,278.871,278.871
916,278.866,278.866,278.866
917,278.857,278.857,278.857
918,278.849,278.849,278.849
919,278.831,278.831,278.831
920,278.817,278.817,278.817
921,278.804,278.804,278.804
922,278.792,278.792,278.792
923,278.784,278.784,278.784
924,278.772,278.772,278.772
925,278.768,278.768,278.768
926,278.753,278.753,278.753
927,278.742,278.742,278.742
928,278.74,278.74,278.74
929,278.723,278.723,278.723
930,278.713,278.713,278.713
931,278.704,278.704,278.704
932,278.696,278.696,278.696
933,278.684,278.684,278.684
934,278.679,278.679,278.679
935,278.673,278.673,278.673
936,278.658,278.658,278.658
937,278.649,278.649,278.649
938,278.644,278.644,278.644
939,278.639,278.639,278.639
940,278.63,278.63,278.63
941,278.622,278.622,278.622
942,278.617,278.617,278.617
943,278.611,278.611,278.611
944,278.615,278.615,278.615
945,278.624,278.624,278.624
946,278.63,278.63,278.63
947,278.635,278.635,278.635
948,278.635,278.635,278.635
949,278.64,278.64,278.64
950,278.652,278.652,278.652
951,278.653,278.653,278.653
952,278.661,278.661,278.661
953,278.672,278.672,278.672
954,278.699,278.699,278.699
955,278.708,278.708,278.708
956,278.719,278.719,278.719
957,278.727,278.727,278.727
958,278.735,278.735,278.735
959,278.75,278.75,278.75
960,278.757,278.757,278.757
961,278.763,278.763,278.763
962,278.775,278.775,278.775
963,278.787,278.787,278.787
964,278.796,278.796,278.796
965,278.81,278.81,278.81
966,278.82,278.82,278.82
967,278.839,278.839,278.839
968,278.854,278.854,278.854
969,278.89,278.89,278.89
970,278.907,278.907,278.907
971,278.923,278.923,278.923
972,278.949,278.949,278.949
973,278.96,278.96,278.96
974,278.963,278.963,278.963
975,278.972,278.972,278.972
976,278.978,278.978,278.978
977,278.986,278.986,278.986
978,278.996,278.996,278.996
979,279.006,279.006,279.006
980,279.008,279.008,279.008
981,279.024,279.024,279.024
982,279.038,279.038,279.038
983,279.057,279.057,279.057
984,279.069,279.069,279.069
985,279.092,279.092,279.092
986,279.115,279.115,279.115
987,279.148,279.148,279.148
988,279.169,279.169,279.169
989,279.183,279.183,279.183
990,279.201,279.201,279.201
991,279.217,279.217,279.217
992,279.241,279.241,279.241
993,279.262,279.262,279.262
994,279.278,279.278,279.278
995,279.294,279.294,279.294
996,279.314,279.314,279.314
997,279.339,279.339,279.339
998,279.358,279.358,279.358
999,279.382,279.382,279.382
1000,279.404,279.404,279.404
1001,279.426,279.426,279.426
1002,279.448,279.448,279.448
1003,279.477,279.477,279.477
1004,279.499,279.499,279.499
1005,279.523999999999,279.523999999999,279.523999999999
1006,279.540999999999,279.540999999999,279.540999999999
1007,279.559999999999,279.559999999999,279.559999999999
1008,279.579000000002,279.579000000002,279.579000000002
1009,279.601,279.601,279.601
1010,279.630000000004,279.630000000004,279.630000000004
1011,279.660999999991,279.660999999991,279.660999999991
1012,279.691999999952,279.691999999952,279.691999999952
1013,279.730000000001,279.730000000001,279.730000000001
1014,279.760000000001,279.760000000001,279.760000000001
1015,279.795,279.795,279.795
1016,279.828,279.828,279.828
1017,279.86,279.86,279.86
1018,279.892,279.892,279.892
1019,279.917,279.917,279.917
1020,279.949,279.949,279.949
1021,279.984,279.984,279.984
1022,280.018,280.018,280.018
1023,280.052,280.052,280.052
1024,280.087,280.087,280.087
1025,280.126,280.126,280.126
1026,280.163999999999,280.164,280.163999999999
1027,280.2,280.2,280.2
1028,280.236,280.236,280.236
1029,280.276,280.276,280.276
1030,280.313000000001,280.313000000001,280.313000000001
1031,280.353000000001,280.353000000001,280.353000000001
1032,280.395,280.395,280.395
1033,280.437000000001,280.437000000001,280.437000000001
1034,280.48,280.48,280.48
1035,280.514,280.514,280.514
1036,280.554,280.554,280.554
1037,280.591000000001,280.591000000001,280.591
1038,280.632,280.632,280.632
1039,280.674,280.674,280.674
1040,280.71,280.71,280.709999999999
1041,280.754,280.754,280.754
1042,280.793,280.793,280.793
1043,280.835,280.835,280.835
1044,280.876000000001,280.876000000001,280.876000000001
1045,280.913,280.913,280.913
1046,280.955,280.955,280.955
1047,280.991,280.991,280.991
1048,281.034,281.034,281.034
1049,281.078999999999,281.078999999999,281.078999999999
1050,281.127999999999,281.127999999999,281.127999999999
1051,281.173,281.173,281.173
1052,281.218,281.218000000001,281.218
1053,281.273,281.273,281.273
1054,281.328,281.328,281.327999999999
1055,281.371000000001,281.371000000001,281.371000000001
1056,281.418,281.418,281.418
1057,281.460000000001,281.460000000001,281.460000000001
1058,281.512,281.512,281.512
1059,281.556999999999,281.556999999999,281.556999999999
1060,281.600999999999,281.600999999999,281.600999999999
1061,281.641,281.641,281.641
1062,281.685000000001,281.685000000001,281.685000000001
1063,281.729,281.729,281.729
1064,281.768000000001,281.768000000001,281.768
1065,281.802,281.802,281.802
1066,281.838000000002,281.838000000002,281.838000000002
1067,281.873,281.873,281.873
1068,281.910000000001,281.910000000001,281.910000000001
1069,281.948000000002,281.948000000002,281.948000000002
1070,281.983,281.983,281.983
1071,282.023,282.023,282.023
1072,282.060999999999,282.060999999999,282.060999999999
1073,282.096999999999,282.096999999999,282.096999999999
1074,282.133000000001,282.133000000001,282.133000000001
1075,282.173,282.173,282.173
1076,282.207,282.207,282.207
1077,282.245,282.245,282.245
1078,282.282,282.282,282.282
1079,282.314000000001,282.314000000001,282.314000000001
1080,282.350000000002,282.350000000002,282.350000000002
1081,282.384000000001,282.384000000001,282.384000000001
1082,282.416,282.416,282.416
1083,282.45,282.45,282.449999999999
1084,282.483000000001,282.483000000001,282.483000000001
1085,282.513000000001,282.513000000001,282.513000000001
1086,282.547000000002,282.547000000002,282.547000000002
1087,282.578,282.578,282.578
1088,282.606999999999,282.606999999999,282.606999999999
1089,282.647000000001,282.647000000001,282.647000000001
1090,282.68,282.68,282.68
1091,282.707000000001,282.707000000001,282.707000000001
1092,282.738,282.738,282.738
1093,282.773000000001,282.773000000001,282.773000000001
1094,282.803999999999,282.803999999999,282.803999999999
1095,282.832000000001,282.832000000001,282.832000000001
1096,282.861,282.861,282.861
1097,282.881999999999,282.881999999999,282.881999999999
1098,282.914999999999,282.914999999999,282.914999999999
1099,282.947000000002,282.947000000002,282.947000000002
1100,282.969,282.969,282.969
1101,282.996,282.996,282.996
1102,283.021,283.021,283.021
1103,283.048,283.048,283.048
1104,283.077,283.077,283.077
1105,283.105,283.105,283.105
1106,283.135,283.135,283.135
1107,283.167,283.167,283.167
1108,283.193,283.193,283.193
1109,283.213,283.213,283.213
1110,283.232,283.232,283.232
1111,283.251,283.251,283.251
1112,283.276,283.276,283.276
1113,283.306,283.306,283.306
1114,283.331,283.331,283.331
1115,283.356,283.356,283.356
1116,283.38,283.38,283.38
1117,283.401,283.401,283.401
1118,283.42,283.42,283.42
1119,283.448,283.448,283.448
1120,283.473,283.473,283.473
1121,283.494,283.494,283.494
1122,283.517,283.517,283.517
1123,283.543,283.543,283.543
1124,283.565,283.565,283.565
1125,283.587,283.587,283.587
1126,283.61,283.61,283.61
1127,283.630999999999,283.630999999999,283.630999999999
1128,283.655,283.655,283.655
1129,283.675,283.675,283.675
1130,283.699000000001,283.699000000001,283.699000000001
1131,283.719000000001,283.719000000001,283.719000000001
1132,283.739,283.739,283.739
1133,283.758000000001,283.758000000001,283.758000000001
1134,283.779,283.779,283.779
1135,283.795,283.795000000001,283.795
1136,283.814,283.814,283.814
1137,283.836000000001,283.836000000001,283.836000000001
1138,283.854,283.854,283.854
1139,283.877,283.877,283.877
1140,283.893,283.893,283.893
1141,283.913,283.913,283.913
1142,283.929,283.929,283.929
1143,283.948,283.948,283.948
1144,283.961000000001,283.961000000001,283.961000000001
1145,283.982,283.982,283.982
1146,283.999,283.999,283.999
1147,284.01,284.01,284.01
1148,284.028,284.028,284.028
1149,284.047999999999,284.048,284.047999999999
1150,284.057999999999,284.057999999999,284.057999999999
1151,284.071,284.071,284.071
1152,284.096,284.096,284.096
1153,284.111999999999,284.112,284.112
1154,284.125,284.125,284.125
1155,284.131000000001,284.131000000001,284.131000000001
1156,284.141,284.141,284.141
1157,284.152,284.152,284.152
1158,284.158,284.158,284.158
1159,284.165,284.165,284.165
1160,284.164,284.164,284.164
1161,284.164,284.164,284.164
1162,284.166000000001,284.166000000001,284.166000000001
1163,284.168,284.168,284.168
1164,284.169,284.169,284.169
1165,284.169,284.169,284.169
1166,284.168000000001,284.168000000001,284.168000000001
1167,284.164,284.164,284.164
1168,284.167000000001,284.167000000001,284.167000000001
1169,284.165000000001,284.165000000001,284.165000000001
1170,284.165,284.165,284.165
1171,284.164,284.164,284.164
1172,284.158999999999,284.158999999999,284.158999999999
1173,284.163999999999,284.163999999999,284.163999999999
1174,284.164000000001,284.164,284.164
1175,284.166,284.166,284.166
1176,284.165,284.165,284.165
1177,284.164,284.164,284.164
1178,284.16,284.16,284.16
1179,284.157,284.157,284.157
1180,284.156000000001,284.156000000001,284.156000000001
1181,284.15,284.15,284.15
1182,284.145,284.145,284.145
1183,284.128,284.128,284.128
1184,284.098,284.098,284.098
1185,284.070000000001,284.070000000001,284.070000000001
1186,284.055000000001,284.055000000001,284.055000000001
1187,284.045,284.045,284.045
1188,284.021999999999,284.022,284.021999999999
1189,283.999,283.999,283.999
1190,283.967,283.967,283.967
1191,283.942,283.942,283.942
1192,283.924,283.924,283.924
1193,283.896,283.896,283.896
1194,283.876,283.876,283.876
1195,283.846,283.846,283.846
1196,283.816,283.816,283.816
1197,283.797,283.797,283.797
1198,283.769,283.769,283.769
1199,283.744000000001,283.744000000001,283.744000000001
1200,283.726,283.726,283.726
1201,283.699,283.699,283.699
1202,283.679,283.679,283.679
1203,283.661,283.661,283.661
1204,283.646,283.646,283.646
1205,283.63,283.63,283.63
1206,283.611,283.611,283.611
1207,283.589,283.589,283.589
1208,283.566,283.566,283.566
1209,283.545,283.545,283.545
1210,283.52,283.52,283.52
1211,283.498,283.498,283.498
1212,283.473,283.473,283.473
1213,283.452,283.452,283.452
1214,283.423,283.423,283.423
1215,283.4,283.4,283.4
1216,283.371,283.371,283.371
1217,283.342,283.342,283.342
1218,283.311,283.311,283.311
1219,283.282,283.282,283.282
1220,283.256,283.256,283.256
1221,283.225,283.225,283.225
1222,283.195,283.195,283.195
1223,283.175,283.175,283.175
1224,283.152,283.152,283.152
1225,283.128,283.128,283.128
1226,283.106000000001,283.106000000001,283.106
1227,283.089,283.089,283.089
1228,283.06,283.06,283.06
1229,283.034,283.034,283.034
1230,283.014,283.014,283.014
1231,282.996,282.996,282.996
1232,282.983,282.983,282.983
1233,282.953999999999,282.953999999999,282.953999999999
1234,282.932,282.932,282.932
1235,282.912,282.912,282.912
1236,282.889,282.889,282.889
1237,282.858,282.858,282.858
1238,282.835,282.835,282.835
1239,282.815,282.815,282.815
1240,282.79,282.790000000001,282.79
1241,282.758,282.758,282.758
1242,282.724,282.724,282.724
1243,282.698,282.698,282.698
1244,282.669999999999,282.669999999999,282.669999999999
1245,282.643,282.643,282.643
1246,282.613000000001,282.613000000001,282.613000000001
1247,282.584,282.584,282.584
1248,282.551,282.551,282.551
1249,282.517,282.517,282.517
1250,282.478000000001,282.478000000001,282.478000000001
1251,282.446,282.446,282.446
1252,282.42,282.42,282.42
1253,282.394,282.394,282.394
1254,282.359,282.359000000001,282.359
1255,282.332999999999,282.332999999999,282.332999999999
1256,282.299,282.299,282.299
1257,282.273,282.273,282.273
1258,282.233,282.233,282.233
1259,282.202000000001,282.202000000001,282.202000000001
1260,282.173000000001,282.173000000001,282.173
1261,282.142,282.142,282.142
1262,282.113999999999,282.113999999999,282.113999999999
1263,282.086,282.086,282.086
1264,282.06,282.06,282.06
1265,282.028000000001,282.028000000001,282.028
1266,282.003999999999,282.003999999999,282.003999999999
1267,281.984,281.984,281.984
1268,281.966999999999,281.966999999999,281.966999999999
1269,281.939999999999,281.939999999999,281.939999999999
1270,281.929,281.929,281.929
1271,281.91,281.91,281.91
1272,281.888000000001,281.888000000001,281.888000000001
1273,281.870000000001,281.870000000001,281.870000000001
1274,281.86,281.86,281.86
1275,281.844,281.844,281.844
1276,281.835,281.835,281.835
1277,281.817,281.817,281.817
1278,281.799,281.799,281.799
1279,281.787,281.787,281.787
1280,281.780999999999,281.780999999999,281.780999999999
1281,281.773999999999,281.773999999999,281.773999999999
1282,281.761,281.761,281.761
1283,281.745,281.745,281.745
1284,281.722,281.722,281.722
1285,281.706999999999,281.706999999999,281.706999999999
1286,281.697999999999,281.697999999999,281.697999999999
1287,281.686,281.686,281.686
1288,281.671000000001,281.671000000001,281.671000000001
1289,281.655999999999,281.655999999999,281.655999999999
1290,281.635,281.635,281.635
1291,281.615,281.615,281.615
1292,281.605,281.605,281.605
1293,281.595999999999,281.595999999999,281.595999999999
1294,281.591000000001,281.591000000001,281.591000000001
1295,281.580999999999,281.580999999999,281.580999999999
1296,281.575,281.575,281.575
1297,281.564000000001,281.564000000001,281.564000000001
1298,281.559000000001,281.559000000001,281.559000000001
1299,281.553999999999,281.553999999999,281.553999999999
1300,281.542,281.542,281.542
1301,281.538,281.538,281.538
1302,281.53,281.53,281.53
1303,281.524,281.524,281.524
1304,281.517,281.517,281.517
1305,281.512,281.512,281.512
1306,281.503,281.503,281.503
1307,281.494,281.494,281.494
1308,281.487,281.487,281.487
1309,281.481,281.481,281.481
1310,281.471,281.471,281.471
1311,281.454,281.454,281.454
1312,281.435,281.435,281.435
1313,281.42,281.42,281.42
1314,281.394,281.394,281.394
1315,281.376,281.376,281.376
1316,281.356,281.356,281.356
1317,281.328,281.328,281.328
1318,281.294,281.294,281.294
1319,281.278,281.278,281.278
1320,281.259,281.259,281.259
1321,281.237,281.237,281.237
1322,281.232,281.232,281.232
1323,281.217,281.217,281.217
1324,281.205,281.205,281.205
1325,281.2,281.2,281.2
1326,281.197,281.197,281.197
1327,281.182,281.182,281.182
1328,281.167,281.167,281.167
1329,281.167,281.167,281.167
1330,281.164,281.164,281.164
1331,281.162,281.162,281.162
1332,281.156,281.156,281.156
1333,281.166,281.166,281.166
1334,281.164,281.164,281.164
1335,281.172,281.172,281.172
1336,281.174,281.174,281.174
1337,281.163,281.163,281.163
1338,281.16,281.16,281.16
1339,281.156,281.156,281.156
1340,281.139,281.139,281.139
1341,281.117,281.117,281.117
1342,281.087,281.087,281.087
1343,281.063,281.063,281.063
1344,281.046,281.046,281.046
1345,281.027,281.027,281.027
1346,281.017,281.017,281.017
1347,281.014,281.014,281.014
1348,281.006,281.006,281.006
1349,280.996,280.996,280.996
1350,280.99,280.99,280.99
1351,280.985,280.985,280.985
1352,280.985,280.985,280.985
1353,280.986,280.986,280.986
1354,280.982,280.982,280.982
1355,280.979,280.979,280.979
1356,280.97,280.97,280.97
1357,280.963,280.963,280.963
1358,280.949,280.949,280.949
1359,280.934,280.934,280.934
1360,280.921,280.921,280.921
1361,280.913,280.913,280.913
1362,280.899,280.899,280.899
1363,280.879,280.879,280.879
1364,280.864,280.864,280.864
1365,280.834,280.834,280.834
1366,280.824,280.824,280.823999999999
1367,280.811,280.811,280.811
1368,280.797999999999,280.797999999999,280.797999999999
1369,280.774999999999,280.774999999999,280.774999999999
1370,280.759,280.759,280.759
1371,280.746,280.746,280.746
1372,280.732000000001,280.732000000001,280.732
1373,280.717000000001,280.717000000001,280.717000000001
1374,280.705,280.705,280.705
1375,280.691,280.691,280.691
1376,280.68,280.68,280.68
1377,280.67,280.67,280.67
1378,280.662,280.662,280.662
1379,280.65,280.65,280.65
1380,280.637999999999,280.637999999999,280.637999999999
1381,280.634,280.634,280.634
1382,280.636,280.636,280.636
1383,280.636,280.636,280.636
1384,280.631,280.631,280.631
1385,280.625999999999,280.625999999999,280.625999999999
1386,280.629999999999,280.629999999999,280.629999999999
1387,280.627,280.627,280.627
1388,280.611000000001,280.611000000001,280.611
1389,280.601999999999,280.602,280.601999999999
1390,280.605,280.605,280.605
1391,280.596,280.596,280.596
1392,280.585,280.585,280.585
1393,280.568,280.568,280.568
1394,280.552,280.552,280.552
1395,280.54,280.54,280.54
1396,280.518,280.518,280.518
1397,280.499,280.499,280.499
1398,280.483,280.483,280.483
1399,280.463999999999,280.463999999999,280.463999999999
1400,280.445,280.445,280.445
1401,280.425,280.425,280.425
1402,280.406,280.406,280.406
1403,280.387,280.387,280.387
1404,280.376,280.376,280.376
1405,280.369,280.369,280.369
1406,280.359,280.359,280.359
1407,280.358,280.358,280.358
1408,280.349,280.349,280.349
1409,280.347,280.347,280.347
1410,280.344,280.344,280.344
1411,280.339,280.339,280.339
1412,280.33,280.33,280.33
1413,280.324,280.324,280.324
1414,280.318,280.318,280.318
1415,280.304,280.304,280.304
1416,280.298,280.298,280.298
1417,280.29,280.29,280.29
1418,280.281,280.281,280.281
1419,280.274,280.274,280.274
1420,280.272,280.272,280.272
1421,280.266,280.266,280.266
1422,280.263,280.263,280.263
1423,280.274,280.274,280.274
1424,280.3,280.3,280.3
1425,280.304,280.304,280.304
1426,280.324,280.324,280.324
1427,280.334,280.334,280.334
1428,280.376,280.376,280.376
1429,280.41,280.41,280.41
1430,280.422,280.422,280.422
1431,280.427,280.427,280.427
1432,280.425,280.425,280.425
1433,280.434,280.434,280.434
1434,280.438,280.438,280.438
1435,280.428,280.428,280.428
1436,280.465,280.465,280.465
1437,280.487,280.487,280.487
1438,280.518,280.518,280.518
1439,280.551,280.551,280.551
1440,280.579,280.579,280.579
1441,280.63,280.63,280.63
1442,280.672,280.672,280.672
1443,280.716,280.716,280.716
1444,280.754,280.754,280.754
1445,280.79,280.79,280.79
1446,280.829,280.829,280.829
1447,280.869,280.869,280.869
1448,280.911,280.911,280.911
1449,280.951,280.951,280.951
1450,280.99,280.99,280.99
1451,281.024,281.024,281.024
1452,281.058,281.058,281.058
1453,281.088,281.088,281.088
1454,281.102,281.102,281.102
1455,281.109,281.109,281.109
1456,281.115,281.115,281.115
1457,281.102,281.102,281.102
1458,281.11,281.11,281.11
1459,281.134,281.134,281.134
1460,281.16,281.16,281.16
1461,281.179,281.179,281.179
1462,281.194,281.194,281.194
1463,281.231,281.231,281.231
1464,281.265,281.265,281.265
1465,281.301,281.301,281.301
1466,281.336000000001,281.336000000001,281.336000000001
1467,281.378,281.378,281.378
1468,281.414,281.414,281.414
1469,281.455000000001,281.455000000001,281.455000000001
1470,281.47,281.47,281.47
1471,281.493,281.493,281.493
1472,281.520999999999,281.520999999999,281.520999999999
1473,281.559,281.559,281.558999999999
1474,281.591,281.591,281.591
1475,281.629,281.629,281.629
1476,281.659,281.659,281.659
1477,281.71,281.71,281.71
1478,281.763,281.763,281.763
1479,281.824,281.824,281.824
1480,281.877000000001,281.877000000001,281.877000000001
1481,281.931,281.931,281.931
1482,281.99,281.99,281.99
1483,282.047,282.047,282.047
1484,282.106,282.106,282.106
1485,282.164000000001,282.164000000001,282.164000000001
1486,282.225000000001,282.225000000001,282.225000000001
1487,282.275,282.275,282.275
1488,282.329,282.329,282.328999999999
1489,282.392000000001,282.392000000001,282.392000000001
1490,282.448,282.448,282.448
1491,282.501,282.501,282.501
1492,282.56,282.56,282.56
1493,282.613000000001,282.613000000001,282.613000000001
1494,282.669999999999,282.669999999999,282.669999999999
1495,282.723000000001,282.723000000001,282.723000000001
1496,282.775,282.775,282.775
1497,282.830999999999,282.830999999999,282.830999999999
1498,282.888,282.888,282.887999999999
1499,282.940000000001,282.940000000001,282.940000000001
1500,282.996,282.996,282.996
1501,283.041,283.041,283.041
1502,283.087,283.087,283.087
1503,283.136,283.136,283.136
1504,283.178,283.178,283.178
1505,283.218,283.218,283.218
1506,283.248,283.248,283.248
1507,283.274,283.274,283.274
1508,283.302,283.302,283.302
1509,283.333,283.333,283.333
1510,283.371,283.371,283.371
1511,283.404,283.404,283.404
1512,283.436,283.436,283.436
1513,283.467,283.467,283.467
1514,283.500000000001,283.500000000001,283.500000000001
1515,283.529,283.529,283.529
1516,283.538,283.538,283.538
1517,283.555,283.555,283.555
1518,283.558,283.558000000001,283.558
1519,283.558000000001,283.558000000001,283.558000000001
1520,283.559,283.559,283.559
1521,283.548,283.548,283.548
1522,283.54,283.54,283.54
1523,283.528,283.528,283.528
1524,283.513,283.513,283.513
1525,283.504,283.504,283.504
1526,283.494,283.494,283.494
1527,283.483,283.483,283.482999999999
1528,283.481,283.481,283.481
1529,283.482,283.482,283.482
1530,283.472000000001,283.472000000001,283.472000000001
1531,283.453,283.453,283.453
1532,283.46,283.46,283.46
1533,283.458000000001,283.458000000001,283.458
1534,283.454,283.454,283.454
1535,283.442,283.442,283.442
1536,283.429,283.429,283.429
1537,283.402,283.402,283.402
1538,283.38,283.38,283.38
1539,283.339,283.339,283.339
1540,283.311,283.311,283.311
1541,283.255,283.255,283.255
1542,283.208,283.208,283.208
1543,283.154,283.154,283.154
1544,283.091,283.091,283.091
1545,283.034,283.034,283.034
1546,282.983,282.983,282.983
1547,282.921,282.921,282.921
1548,282.866,282.866,282.866
1549,282.799,282.799,282.799
1550,282.737,282.737,282.737
1551,282.687,282.687,282.687
1552,282.626,282.626,282.626
1553,282.565,282.565,282.565
1554,282.495,282.495,282.495
1555,282.449,282.449,282.449
1556,282.395,282.395,282.395
1557,282.334,282.334,282.334
1558,282.263,282.263,282.263
1559,282.214,282.214,282.214
1560,282.147,282.147,282.147
1561,282.08,282.08,282.08
1562,282.011,282.011,282.011
1563,281.93,281.93,281.93
1564,281.856,281.856,281.856
1565,281.787,281.787,281.787
1566,281.713,281.713,281.713
1567,281.621,281.621,281.621
1568,281.537,281.537,281.537
1569,281.461,281.461,281.461
1570,281.377,281.377,281.377
1571,281.302,281.302,281.302
1572,281.229000000001,281.229000000001,281.229000000001
1573,281.145,281.145,281.145
1574,281.05,281.05,281.05
1575,280.956,280.956,280.956
1576,280.868,280.868,280.868
1577,280.774,280.774,280.774
1578,280.68,280.68,280.68
1579,280.584,280.584,280.584
1580,280.479999999999,280.479999999999,280.479999999999
1581,280.382,280.382,280.381999999999
1582,280.281,280.281,280.281
1583,280.18,280.18,280.18
1584,280.083,280.083,280.083
1585,279.985999999999,279.985999999999,279.985999999999
1586,279.885999999999,279.885999999999,279.885999999999
1587,279.784,279.784,279.784
1588,279.675000000001,279.675000000001,279.675000000001
1589,279.568999999999,279.568999999999,279.568999999999
1590,279.467,279.467,279.467
1591,279.352999999999,279.352999999999,279.352999999999
1592,279.237,279.237,279.237
1593,279.116999999999,279.116999999999,279.116999999999
1594,278.986000000001,278.986000000001,278.986000000001
1595,278.866999999999,278.866999999999,278.866999999999
1596,278.731,278.731,278.731
1597,278.619000000001,278.619000000001,278.619000000001
1598,278.531000000001,278.531000000001,278.531000000001
1599,278.439999999998,278.439999999998,278.439999999998
1600,278.376,278.376,278.375999999999
1601,278.305,278.305,278.305
1602,278.217000000001,278.217000000001,278.217
1603,278.14,278.14,278.14
1604,278.063,278.063,278.063
1605,278.003,278.003,278.003
1606,277.957,277.956999999999,277.956999999999
1607,277.896,277.896,277.896
1608,277.821,277.821,277.821
1609,277.793,277.793,277.793
1610,277.76,277.76,277.76
1611,277.764000000001,277.764000000001,277.764000000001
1612,277.756,277.756,277.756
1613,277.705999999999,277.705999999999,277.705999999999
1614,277.635999999999,277.635999999999,277.635999999999
1615,277.571,277.571,277.571
1616,277.497,277.497,277.497
1617,277.434,277.434,277.434
1618,277.358999999999,277.358999999999,277.358999999999
1619,277.286999999999,277.286999999999,277.286999999999
1620,277.219,277.219,277.219
1621,277.163,277.163,277.163
1622,277.091,277.091,277.091
1623,277.040000000001,277.040000000001,277.04
1624,276.995,276.995,276.995
1625,276.937999999999,276.937999999999,276.937999999999
1626,276.882000000001,276.882000000001,276.882000000001
1627,276.844000000002,276.844000000002,276.844000000001
1628,276.796,276.796,276.796
1629,276.75,276.75,276.75
1630,276.714999999998,276.714999999998,276.714999999998
1631,276.679999999999,276.679999999999,276.679999999999
1632,276.653000000001,276.653000000001,276.653000000001
1633,276.626999999998,276.626999999998,276.626999999998
1634,276.605000000001,276.605000000001,276.605000000001
1635,276.579999999999,276.579999999999,276.579999999999
1636,276.553,276.553,276.553
1637,276.536999999999,276.536999999999,276.536999999999
1638,276.518,276.518,276.518
1639,276.502000000001,276.502000000001,276.502000000001
1640,276.490000000001,276.490000000001,276.490000000001
1641,276.482000000001,276.482000000001,276.482000000001
1642,276.473,276.473,276.473
1643,276.465,276.465,276.465
1644,276.452999999999,276.452999999999,276.452999999999
1645,276.441000000001,276.441000000001,276.441000000001
1646,276.435000000001,276.435000000001,276.435000000001
1647,276.429999999999,276.429999999999,276.429999999999
1648,276.423,276.423,276.423
1649,276.417000000001,276.417000000001,276.417000000001
1650,276.408000000001,276.408000000001,276.408000000001
1651,276.397,276.397,276.397
1652,276.398999999999,276.398999999999,276.398999999999
1653,276.386000000001,276.386000000001,276.386000000001
1654,276.371000000001,276.371000000001,276.371000000001
1655,276.363999999998,276.363999999998,276.363999999998
1656,276.359,276.359,276.359
1657,276.345,276.345,276.345
1658,276.332000000001,276.332000000001,276.332000000001
1659,276.319000000001,276.319000000001,276.319000000001
1660,276.308000000001,276.308000000001,276.308000000001
1661,276.308,276.308,276.308
1662,276.294999999999,276.294999999999,276.294999999999
1663,276.298,276.298,276.298
1664,276.284999999999,276.284999999999,276.284999999999
1665,276.274000000001,276.274000000001,276.274000000001
1666,276.271999999998,276.271999999998,276.271999999998
1667,276.281000000001,276.281000000001,276.281
1668,276.284999999999,276.284999999999,276.284999999999
1669,276.290999999998,276.290999999998,276.290999999998
1670,276.305,276.305,276.305
1671,276.315,276.315,276.315
1672,276.332000000002,276.332000000002,276.332000000002
1673,276.348000000002,276.348000000002,276.348000000002
1674,276.367999999999,276.368,276.367999999999
1675,276.367,276.367,276.367
1676,276.387,276.387,276.387
1677,276.406,276.406,276.406
1678,276.438,276.438,276.438
1679,276.461999999999,276.461999999999,276.461999999999
1680,276.504999999998,276.504999999998,276.504999999998
1681,276.535999999999,276.535999999999,276.535999999999
1682,276.569,276.569,276.569
1683,276.608,276.608,276.608
1684,276.634,276.634,276.634
1685,276.653999999999,276.653999999999,276.653999999999
1686,276.676999999999,276.676999999999,276.676999999999
1687,276.696,276.696,276.696
1688,276.710000000001,276.710000000001,276.710000000001
1689,276.710999999999,276.710999999999,276.710999999999
1690,276.728,276.728,276.728
1691,276.724,276.724,276.724
1692,276.73,276.73,276.73
1693,276.748999999999,276.748999999999,276.748999999999
1694,276.747000000001,276.747000000001,276.747000000001
1695,276.749999999999,276.749999999999,276.749999999999
1696,276.739,276.739,276.739
1697,276.746000000001,276.746000000001,276.746000000001
1698,276.748000000001,276.748000000001,276.748000000001
1699,276.746999999999,276.746999999999,276.746999999999
1700,276.746,276.746,276.746
1701,276.75,276.75,276.75
1702,276.758,276.758,276.758
1703,276.757,276.757,276.757
1704,276.755,276.755,276.755
1705,276.749,276.749,276.749
1706,276.743,276.743,276.743
1707,276.745,276.745,276.745
1708,276.739,276.739,276.739
1709,276.736,276.736,276.736
1710,276.741,276.741,276.741
1711,276.733,276.733,276.733
1712,276.731,276.731,276.731
1713,276.725,276.725,276.725
1714,276.723,276.723,276.723
1715,276.717,276.717,276.717
1716,276.716,276.716,276.716
1717,276.717,276.717,276.717
1718,276.71,276.71,276.71
1719,276.706,276.706,276.706
1720,276.695,276.695,276.695
1721,276.698,276.698,276.698
1722,276.701,276.701,276.701
1723,276.7,276.7,276.7
1724,276.708,276.708,276.708
1725,276.718,276.718,276.718
1726,276.719,276.719,276.719
1727,276.712,276.712,276.712
1728,276.707,276.707,276.707
1729,276.715,276.715,276.715
1730,276.723,276.723,276.723
1731,276.73,276.73,276.73
1732,276.733,276.733,276.733
1733,276.739,276.739,276.739
1734,276.753,276.753,276.753
1735,276.76,276.76,276.76
1736,276.773,276.773,276.773
1737,276.79,276.79,276.79
1738,276.812,276.812,276.812
1739,276.835,276.835,276.835
1740,276.855,276.855,276.855
1741,276.876,276.876,276.876
1742,276.901,276.901,276.901
1743,276.926,276.926,276.926
1744,276.953,276.953,276.953
1745,276.986,276.986,276.986
1746,277.014,277.014,277.014
1747,277.044,277.044,277.044
1748,277.08,277.08,277.08
1749,277.109,277.109,277.109
1750,277.147,277.147,277.147
1751,277.188,277.188,277.188
1752,277.229,277.229,277.229
1753,277.263,277.263,277.263
1754,277.304,277.304,277.304
1755,277.351,277.351,277.351
1756,277.389,277.389,277.389
1757,277.442,277.442,277.442
1758,277.489,277.489,277.489
1759,277.54,277.54,277.54
1760,277.605,277.605,277.605
1761,277.664,277.664,277.664
1762,277.732,277.732,277.732
1763,277.796,277.796,277.796
1764,277.859,277.859,277.859
1765,277.912999999787,277.913017788975,277.912982210599
1766,277.957999998298,277.958142311799,277.957857684797
1767,278.016999996594,278.017284623597,278.016715369592
1768,278.077999994892,278.078426935396,278.077573054388
1769,278.134999993189,278.135569247195,278.134430739184
1770,278.193999991486,278.194711558992,278.193288423979
1771,278.269999989783,278.270853870791,278.269146108775
1772,278.333999988079,278.334996182588,278.33300379357
1773,278.411999986376,278.413138494387,278.410861478366
1774,278.490999984675,278.492280806186,278.489719163163
1775,278.585999982971,278.587423117984,278.584576847959
1776,278.682999981268,278.684565429782,278.681434532754
1777,278.773999979565,278.775707741581,278.77229221755
1778,278.865999977863,278.867850053379,278.864149902346
1779,278.95899997616,278.960992365178,278.957007587142
1780,279.053999974458,279.056134676977,279.051865271939
1781,279.144999972755,279.147276988775,279.142722956735
1782,279.242999971051,279.245419300573,279.240580641529
1783,279.339999969348,279.342561612371,279.337438326325
1784,279.433999967646,279.43670392417,279.431296011122
1785,279.531999965944,279.534846235969,279.529153695918
1786,279.628999964241,279.631988547768,279.626011380714
1787,279.728999962537,279.732130859565,279.725869065509
1788,279.830999960833,279.834273171362,279.827726750303
1789,279.932999959132,279.936415483163,279.929584435102
1790,280.036999957428,280.04055779496,280.033442119896
1791,280.140999955726,280.144700106759,280.137299804693
1792,280.240999954022,280.244842418556,280.237157489488
1793,280.331999952321,280.335984730356,280.328015174285
1794,280.414999950616,280.419127042153,280.410872859079
1795,280.491999948915,280.496269353953,280.487730543877
1796,280.554999947211,280.55941166575,280.550588228671
1797,280.622999945507,280.627553977548,280.618445913466
1798,280.681999943804,280.686696289346,280.677303598263
1799,280.752999942104,280.757838601147,280.748161283061
1800,280.8339999404,280.838980912945,280.829018967856
1801,280.918999938696,280.924123224742,280.913876652651
1802,280.993999936993,280.99926553654,280.988734337446
1803,281.072999935291,281.078407848339,281.067592022243
1804,281.156999933588,281.162550160138,281.151449707039
1805,281.233999931885,281.239692471936,281.228307391834
1806,281.321999930183,281.327834783735,281.316165076631
1807,281.408999928479,281.414977095533,281.403022761426
1808,281.495999926777,281.502119407331,281.489880446222
1809,281.565999925074,281.57226171913,281.559738131018
1810,281.647999923371,281.654404030929,281.641595815814
1811,281.717999921667,281.724546342726,281.711453500609
1812,281.789999919965,281.796688654525,281.783311185405
1813,281.857999918263,281.864830966324,281.851168870202
1814,281.93099991656,281.937973278122,281.924026554998
1815,281.991999914857,281.99911558992,281.984884239793
1816,282.058999913154,282.066257901718,282.051741924589
1817,282.12699991145,282.134400213517,282.119599609384
1818,282.199999909749,282.207542525316,282.192457294181
1819,282.271999908046,282.279684837115,282.264314978977
1820,282.345999906342,282.353827148912,282.338172663773
1821,282.414999904639,282.42296946071,282.407030348568
1822,282.476999902936,282.485111772509,282.468888033364
1823,282.539999901233,282.548254084307,282.531745718159
1824,282.617999899531,282.626396396106,282.609603402956
1825,282.675999897828,282.684538707905,282.667461087752
1826,282.692999896124,282.701681019701,282.684318772546
1827,282.692999894421,282.701823331499,282.684176457342
1828,282.707999892719,282.716965643299,282.699034142139
1829,282.760999891016,282.770107955098,282.751891826935
1830,282.824999889315,282.834250266898,282.815749511732
1831,282.890999887612,282.900392578696,282.881607196528
1832,282.921999885907,282.931534890493,282.912464881322
1833,282.965999884207,282.975677202293,282.95632256612
1834,283.027999882501,283.037819514089,283.018180250914
1835,283.0859998808,283.095961825889,283.076037935711
1836,283.148999879096,283.159104137686,283.138895620506
1837,283.197999877395,283.208246449486,283.187753305303
1838,283.252999875691,283.263388761284,283.242610990098
1839,283.310999873987,283.321531073081,283.300468674893
1840,283.381999872284,283.392673384879,283.371326359688
1841,283.466999870581,283.477815696678,283.456184044484
1842,283.527999868879,283.538958008477,283.517041729282
1843,283.565999867176,283.577100320275,283.554899414077
1844,283.608999865475,283.620242632075,283.597757098874
1845,283.724999863769,283.736384943871,283.713614783668
1846,283.846999862067,283.858527255669,283.835472468464
1847,283.935999860366,283.94766956747,283.924330153261
1848,284.067999858662,284.079811879268,284.056187838057
1849,284.206999856957,284.218954191064,284.195045522851
1850,284.316999854786,284.329135671508,284.304864038064
1851,284.450999849332,284.463591620922,284.438408077742
1852,284.597999840503,284.611329493452,284.584670187554
1853,284.730999828568,284.745326752776,284.716672904361
1854,284.845999805949,284.862217051369,284.829782560529
1855,284.940999795651,284.958077947092,284.92392164421
1856,285.048999782585,285.067169734189,285.03082983098
1857,285.20399977284,285.22298419707,285.18501534861
1858,285.368999765324,285.388612174265,285.349387356384
1859,285.54499975018,285.565877769189,285.52412173117
1860,285.73899972727,285.761792375643,285.716207078897
1861,285.932999712095,285.95706080641,285.908938617779
1862,286.099999702022,286.124902710056,286.075096693988
1863,286.270999683975,286.29741072424,286.24458864371
1864,286.441999662368,286.470216590583,286.413782734153
1865,286.613999643223,286.643816298811,286.584182987635
1866,286.780999627782,286.81210721949,286.749892036075
1867,286.954999606091,286.987919582374,286.922079629808
1868,287.104999589739,287.139286492734,287.070712686743
1869,287.224999569047,287.261015854916,287.188983283178
1870,287.354999554298,287.392248079071,287.317751029526
1871,287.493999528791,287.533379799896,287.454619257686
1872,287.663999490614,287.706569886892,287.621429094337
1873,287.859999466552,287.904580798612,287.815418134493
1874,288.060999474767,288.104894782942,288.017104166591
1875,288.29099944873,288.337070559139,288.24492833832
1876,288.51999943517,288.567203705069,288.472795165271
1877,288.751999423484,288.800180367506,288.703818479462
1878,288.992999412669,289.042084227196,288.943914598141
1879,289.220999376783,289.273083425482,289.168915328084
1880,289.469999320198,289.526812626701,289.413186013695
1881,289.736999291098,289.79624443822,289.677754143975
1882,290.018999256594,290.081127644623,289.956870868564
1883,290.262999219848,290.328198474822,290.197799964874
1884,290.511999204707,290.578464162438,290.445534246975
1885,290.796999194397,290.864325977801,290.729672410992
1886,291.099999177286,291.168756093429,291.031242261143
1887,291.41399913878,291.48597361707,291.34202466049
1888,291.762999076226,291.840200909861,291.685797242592
1889,292.11299905472,292.191998923296,292.033999186144
1890,292.457998994675,292.542016687961,292.373981301389
1891,292.815998952761,292.903519679508,292.728478226015
1892,293.166998939368,293.255638694568,293.078359184168
1893,293.47699893819,293.565737582298,293.388260294082
1894,293.790998906272,293.882404436143,293.6995933764
1895,294.07899885431,294.174747548149,293.983250160471
1896,294.364998814724,294.464055523874,294.265942105574
1897,294.645998765603,294.749160310472,294.542837220734
1898,294.953998697529,295.062849431782,294.845147963276
1899,295.29999857844,295.418802758591,295.181194398288
1900,295.674998441674,295.800065620505,295.549931262842
1901,296.00699796647,296.135613530705,295.878382402235
1902,296.324997426966,296.457368826063,296.19262602787
1903,296.65399683721,296.79432389223,296.513669782191
1904,296.953996304816,297.097485201631,296.810507408
1905,297.288995727878,297.439368767121,297.138622688634
1906,297.661995136884,297.820427430119,297.503562843649
1907,298.097994484458,298.269619665284,297.926369303631
1908,298.517994006017,298.688271975107,298.347716036927
1909,298.935993455404,299.110955597841,298.761031312967
1910,299.376992880373,299.55868013368,299.195305627066
1911,299.828992337281,300.014734935226,299.643249739336
1912,300.352991748678,300.546593860244,300.159389637113
1913,300.909991143806,301.112812394841,300.707169892772
1914,301.418990778864,301.610979260901,301.227002296827
1915,301.936990306897,302.127090232532,301.746890381262
1916,302.484989686417,302.685612650625,302.284366722208
1917,303.010989101134,303.219193865486,302.802784336782
1918,303.448988649144,303.653635834751,303.244341463538
1919,303.813988334742,304.003579264411,303.624397405072
1920,304.245987680735,304.448903447879,304.04307191359
1921,304.599987339398,304.790097436047,304.409877242749
1922,304.944986769602,305.141384271678,304.748589267527
1923,305.270986051848,305.486036123467,305.055935980229
1924,305.629985518364,305.848288513484,305.411682523243
1925,305.812985014455,306.032069454474,305.593900574435
1926,305.953984520879,306.172985646667,305.734983395091
1927,306.17698387194,306.408886632757,305.945081111123
1928,306.32898332411,306.565338479534,306.092628168685
1929,306.49498271638,306.740795495682,306.249169937078
1930,306.619982384951,306.852162311151,306.387802458751
1931,306.821982136992,307.03355257734,306.610411696645
1932,307.092981823192,307.289444750854,306.89651889553
1933,307.401981252789,307.60478327162,307.199179233959
1934,307.784980593634,308.001537050484,307.568424136784
1935,308.226979962101,308.454983944796,307.998975979406
1936,309.011979254044,309.257825146788,308.7661333613
1937,309.763978615855,310.02182839361,309.5061288381
1938,310.293978204746,310.544853170849,310.043103238642
1939,310.850977584352,311.112368129848,310.589587038855
1940,311.356976868613,311.636851479538,311.077102257689
1941,311.810976277388,312.098929446109,311.523023108668
1942,312.171975739582,312.463543456153,311.880408023011
1943,312.389975175671,312.687338144804,312.092612206538
1944,312.412974751704,312.704438743375,312.121510760032
1945,312.384974608474,312.647075565944,312.122873651004
1946,312.389973964515,312.664560484714,312.115387444316
1947,312.485973184282,312.78443467031,312.187511698254
1948,312.520972534148,312.832435310408,312.209509757889
1949,312.631972055313,312.942119751952,312.321824358673
1950,312.820971341375,313.149452794348,312.492489888402
1951,313.013970606384,313.362546052594,312.665395160174
1952,313.341970021567,313.698088531986,312.985851511147
1953,313.729969427623,314.094392642536,313.36554621271
1954,314.094968812929,314.469431717624,313.720505908234
1955,314.414967972057,314.818374172791,314.011561771322
1956,314.697967186718,315.125673439677,314.270260933759
1957,314.991966523988,315.433727348926,314.55020569905
1958,315.344965869144,315.800121214397,314.889810523891
1959,315.806965123165,316.283131723523,315.330798522807
1960,316.624964386756,317.121342928193,316.128585845319
1961,317.298963809512,317.802252908086,316.795674710939
1962,318.04396307864,318.567001883176,317.520924274104
1963,318.649962239874,319.201766010692,318.098158469056
1964,319.332961369615,319.916163778269,318.749758960961
1965,319.81596053691,320.427421436547,319.204499637272
1966,320.879959686665,321.521147855652,320.238771517678
1967,321.47995890516,322.145125848855,320.814791961466
1968,322.3889580037,323.08813193302,321.68978407438
1969,323.250956989202,323.99358366847,322.508330309934
1970,324.782955890747,325.576050002854,323.989861778641
1971,325.39995498503,326.22741061547,324.572499354589
1972,327.348954070199,328.211530931922,326.486377208476
1973,329.908953093573,330.811817234627,329.00608895252
1974,330.755952523015,331.665170098376,329.846734947653
1975,330.82695199787,331.738724442799,329.915179552942
1976,331.544950979425,332.500505383247,330.589396575604
1977,333.352950094921,334.34109335353,332.364806836312
1978,335.009949359192,336.018247504003,334.001651214381
1979,336.604948354699,337.655863565215,335.554033144182
1980,338.704947929881,339.750035843768,337.659860015994
1981,340.058947763205,341.076632532732,339.041262993678
1982,340.643947400165,341.650638825014,339.637255975316
1983,342.2659472636,343.242719518223,341.289175008978
1984,344.007949547893,344.833734239711,343.182164856075
1985,345.458953765196,346.306577805318,344.611329725075
1986,346.902948106277,347.84288180592,345.963014406633
1987,348.774947372746,349.582664519985,347.967230225506
1988,351.27593294684,352.260969490321,350.290896403358
1989,352.893921398144,354.000434673746,351.787408122542
1990,354.072930058664,355.141693621155,353.004166496173
1991,355.352934851413,356.485706965919,354.220162736908
1992,356.228948924151,357.216731243748,355.241166604553
1993,356.924958862818,357.887937481838,355.961980243798
1994,358.253962204395,359.4373300786,357.07059433019
1995,360.238956449842,361.495320813741,358.982592085943
1996,362.004961459705,363.407521368295,360.602401551115
1997,363.251961810396,364.581625040137,361.922298580655
1998,365.932958019731,367.276427432356,364.589488607106
1999,367.844974784876,369.327185810627,366.362763759125
2000,369.124980031739,370.70470267966,367.545257383818
2001,370.672990098631,372.262768303098,369.083211894164
2002,372.834994284113,374.408885832026,371.261102736199
2003,375.410995033953,377.162806695183,373.659183372723
2004,376.987002498738,378.639830686589,375.334174310887
2005,378.907004978159,380.606998806577,377.207011149741
2006,381.010006959774,382.830849746719,379.189164172829
2007,382.603024683866,384.313805397668,380.892243970065
2008,384.73901862778,386.504183634302,382.973853621257
2009,386.28001904393,388.021677015118,384.538361072742
2010,388.717029278483,390.784657978279,386.649400578687
2011,390.944014691326,393.041153668704,388.846875713948
2012,393.015992715853,395.036206342157,390.995779089548
2013,395.724979344097,397.7149170005,393.735041687694
2014,397.546976931623,399.590917264866,395.503036598379
